artifact_id,role,source_path,capsule_path,format,checksum,shareability,required_for,status
ai_washing_v4.3,v4_3_release_artifact,/Users/soheilkhodadadi/Library/CloudStorage/OneDrive-ConcordiaUniversity-Canada/PhD-soheil/Thesis/Submission/send to thomas 2026-05/DEFENSE_SENDOUT_CANDIDATE_20260510_v0/ai_washing_v4.3,paper/ai_washing_v4.3.pdf,pdf,7d1c8161c69872002e7b44c3f69de20b34d5d02555f9dca2c8c17e356bc3ebb9,private_project_package,paper_freeze,present
final_validation,v4_3_release_artifact,/Users/soheilkhodadadi/Library/CloudStorage/OneDrive-ConcordiaUniversity-Canada/PhD-soheil/Thesis/Submission/send to thomas 2026-05/DEFENSE_SENDOUT_CANDIDATE_20260510_v0/ai_washing_v4.3,paper/v4_3_logs/final_validation.md,md,f632af1f501e1b7583d0357c818ead6aeee31f3884c4b887ad36db355f9a297e,private_project_package,paper_freeze,present
issue_log,v4_3_release_artifact,/Users/soheilkhodadadi/Library/CloudStorage/OneDrive-ConcordiaUniversity-Canada/PhD-soheil/Thesis/Submission/send to thomas 2026-05/DEFENSE_SENDOUT_CANDIDATE_20260510_v0/ai_washing_v4.3,paper/v4_3_logs/issue_log.csv,csv,4bcfbb692b62d756d8d59162786d937f4316a55f716906a56260f804469bc1a7,private_project_package,paper_freeze,present
output_manifest,v4_3_release_artifact,/Users/soheilkhodadadi/Library/CloudStorage/OneDrive-ConcordiaUniversity-Canada/PhD-soheil/Thesis/Submission/send to thomas 2026-05/DEFENSE_SENDOUT_CANDIDATE_20260510_v0/ai_washing_v4.3,paper/v4_3_logs/output_manifest.json,json,ad3035b31c65ae9775c985f1ace6216b98c8fd81c72911d0c3303cd2f5366e61,private_project_package,paper_freeze,present
rubric3_high_risk_crosswalk,v4_3_release_artifact,/Users/soheilkhodadadi/Library/CloudStorage/OneDrive-ConcordiaUniversity-Canada/PhD-soheil/Thesis/Submission/send to thomas 2026-05/DEFENSE_SENDOUT_CANDIDATE_20260510_v0/ai_washing_v4.3,paper/v4_3_logs/rubric3_high_risk_crosswalk.md,md,01204115e73e001f6d78d61f8f7bdd41bddce66a42e2b0a8ec4642bce66f1585,private_project_package,paper_freeze,present
thomas_status_memo,v4_3_release_artifact,/Users/soheilkhodadadi/Library/CloudStorage/OneDrive-ConcordiaUniversity-Canada/PhD-soheil/Thesis/Submission/send to thomas 2026-05/DEFENSE_SENDOUT_CANDIDATE_20260510_v0/ai_washing_v4.3,paper/v4_3_logs/thomas_status_memo.md,md,fbee9036b5d1cc8c89a3ac3ed267bb382a4d0dbcd40f2fc88477cce560e5f1cb,private_project_package,paper_freeze,present
appendixA,v4_3_paper_source,/Users/soheilkhodadadi/Library/CloudStorage/OneDrive-ConcordiaUniversity-Canada/PhD-soheil/Thesis/Submission/send to thomas 2026-05/DEFENSE_SENDOUT_CANDIDATE_20260510_v0/ai_washing_v4.3,paper/v4_3_source/appendix/appendixA.tex,tex,4ab249f793832f97770d5f8900536edecd69ba191ef3ffe2f5b0dd6bf68a7d4d,private_project_package,paper_freeze,present
appendixB,v4_3_paper_source,/Users/soheilkhodadadi/Library/CloudStorage/OneDrive-ConcordiaUniversity-Canada/PhD-soheil/Thesis/Submission/send to thomas 2026-05/DEFENSE_SENDOUT_CANDIDATE_20260510_v0/ai_washing_v4.3,paper/v4_3_source/appendix/appendixB.tex,tex,82a6ba8a66f8b56d1f84df9d59d892704a302de7ec08083bce0d831a297d23f7,private_project_package,paper_freeze,present
appendixC,v4_3_paper_source,/Users/soheilkhodadadi/Library/CloudStorage/OneDrive-ConcordiaUniversity-Canada/PhD-soheil/Thesis/Submission/send to thomas 2026-05/DEFENSE_SENDOUT_CANDIDATE_20260510_v0/ai_washing_v4.3,paper/v4_3_source/appendix/appendixC.tex,tex,1b05428ce22dd05dd2b27cd9fdd03ab12ece823ff1409b3a24fdc829fdfc4ebe,private_project_package,paper_freeze,present
figure1_main,v4_3_paper_source,/Users/soheilkhodadadi/Library/CloudStorage/OneDrive-ConcordiaUniversity-Canada/PhD-soheil/Thesis/Submission/send to thomas 2026-05/DEFENSE_SENDOUT_CANDIDATE_20260510_v0/ai_washing_v4.3,paper/v4_3_source/figures/figure1_main.pdf,pdf,1782b158e7cb6f5e93616e5e7a35c08905e1fa128270274ab1f209c7b8388dbe,private_project_package,paper_freeze,present
figureC1,v4_3_paper_source,/Users/soheilkhodadadi/Library/CloudStorage/OneDrive-ConcordiaUniversity-Canada/PhD-soheil/Thesis/Submission/send to thomas 2026-05/DEFENSE_SENDOUT_CANDIDATE_20260510_v0/ai_washing_v4.3,paper/v4_3_source/figures/figureC1.pdf,pdf,52046f8f4ca38ed69cc247524532b228b588088976d460faf5878381a4397c93,private_project_package,paper_freeze,present
main,v4_3_paper_source,/Users/soheilkhodadadi/Library/CloudStorage/OneDrive-ConcordiaUniversity-Canada/PhD-soheil/Thesis/Submission/send to thomas 2026-05/DEFENSE_SENDOUT_CANDIDATE_20260510_v0/ai_washing_v4.3,paper/v4_3_source/main.pdf,pdf,7d1c8161c69872002e7b44c3f69de20b34d5d02555f9dca2c8c17e356bc3ebb9,private_project_package,paper_freeze,present
main,v4_3_paper_source,/Users/soheilkhodadadi/Library/CloudStorage/OneDrive-ConcordiaUniversity-Canada/PhD-soheil/Thesis/Submission/send to thomas 2026-05/DEFENSE_SENDOUT_CANDIDATE_20260510_v0/ai_washing_v4.3,paper/v4_3_source/main.tex,tex,6370d62579ce2a2b4749e176f2e871b7325012310d5290e1dc6fb3e59cb9543a,private_project_package,paper_freeze,present
abstract,v4_3_paper_source,/Users/soheilkhodadadi/Library/CloudStorage/OneDrive-ConcordiaUniversity-Canada/PhD-soheil/Thesis/Submission/send to thomas 2026-05/DEFENSE_SENDOUT_CANDIDATE_20260510_v0/ai_washing_v4.3,paper/v4_3_source/sections/abstract.tex,tex,01f213cb45e0089344cca60b3a3c86b8a3dcdaeca2cc657dec43f349619249b5,private_project_package,paper_freeze,present
conclusion,v4_3_paper_source,/Users/soheilkhodadadi/Library/CloudStorage/OneDrive-ConcordiaUniversity-Canada/PhD-soheil/Thesis/Submission/send to thomas 2026-05/DEFENSE_SENDOUT_CANDIDATE_20260510_v0/ai_washing_v4.3,paper/v4_3_source/sections/conclusion.tex,tex,621b3f2a3a79edfaf149df266b287f9a95ef7f1ed1641be5795210b18d07005a,private_project_package,paper_freeze,present
introduction,v4_3_paper_source,/Users/soheilkhodadadi/Library/CloudStorage/OneDrive-ConcordiaUniversity-Canada/PhD-soheil/Thesis/Submission/send to thomas 2026-05/DEFENSE_SENDOUT_CANDIDATE_20260510_v0/ai_washing_v4.3,paper/v4_3_source/sections/introduction.tex,tex,c198fb3b640aeb2346058e67cf56703c6be29ee2449bd8a20752856c537d3c7a,private_project_package,paper_freeze,present
literature,v4_3_paper_source,/Users/soheilkhodadadi/Library/CloudStorage/OneDrive-ConcordiaUniversity-Canada/PhD-soheil/Thesis/Submission/send to thomas 2026-05/DEFENSE_SENDOUT_CANDIDATE_20260510_v0/ai_washing_v4.3,paper/v4_3_source/sections/literature.tex,tex,283cc12ce30ac737039c2e6ab09616b44f966f97960055378cfc2343d53bdcb5,private_project_package,paper_freeze,present
methods,v4_3_paper_source,/Users/soheilkhodadadi/Library/CloudStorage/OneDrive-ConcordiaUniversity-Canada/PhD-soheil/Thesis/Submission/send to thomas 2026-05/DEFENSE_SENDOUT_CANDIDATE_20260510_v0/ai_washing_v4.3,paper/v4_3_source/sections/methods.tex,tex,178b80e4664ce0e3f4b4db985583142b657899fd991d7a9eb32ae09cac608ecf,private_project_package,paper_freeze,present
references_manual,v4_3_paper_source,/Users/soheilkhodadadi/Library/CloudStorage/OneDrive-ConcordiaUniversity-Canada/PhD-soheil/Thesis/Submission/send to thomas 2026-05/DEFENSE_SENDOUT_CANDIDATE_20260510_v0/ai_washing_v4.3,paper/v4_3_source/sections/references_manual.tex,tex,5dbd573f57bec71de4e9f1bc63916f12e6cf8c244740b1719e20d0e49eb79749,private_project_package,paper_freeze,present
results,v4_3_paper_source,/Users/soheilkhodadadi/Library/CloudStorage/OneDrive-ConcordiaUniversity-Canada/PhD-soheil/Thesis/Submission/send to thomas 2026-05/DEFENSE_SENDOUT_CANDIDATE_20260510_v0/ai_washing_v4.3,paper/v4_3_source/sections/results.tex,tex,e1aec1df22be210630f9c6418989480bdc8849239a440967140802901a320b82,private_project_package,paper_freeze,present
appendix_A1_measurement_audit,v4_3_paper_source,/Users/soheilkhodadadi/Library/CloudStorage/OneDrive-ConcordiaUniversity-Canada/PhD-soheil/Thesis/Submission/send to thomas 2026-05/DEFENSE_SENDOUT_CANDIDATE_20260510_v0/ai_washing_v4.3,paper/v4_3_source/table_inputs/appendix/appendix_A1_measurement_audit.tex,tex,99511a8b4eb3586d6b8aa63fea00b54d19b728d70a344b3d144a14a5c0c9cf24,private_project_package,paper_freeze,present
appendix_A2_attrition_map,v4_3_paper_source,/Users/soheilkhodadadi/Library/CloudStorage/OneDrive-ConcordiaUniversity-Canada/PhD-soheil/Thesis/Submission/send to thomas 2026-05/DEFENSE_SENDOUT_CANDIDATE_20260510_v0/ai_washing_v4.3,paper/v4_3_source/table_inputs/appendix/appendix_A2_attrition_map.tex,tex,ec5874556a04c6d8746e545398170b26c773431ef3c0e4a44ef88aefd42ab3cf,private_project_package,paper_freeze,present
appendix_A3_highconf_composition,v4_3_paper_source,/Users/soheilkhodadadi/Library/CloudStorage/OneDrive-ConcordiaUniversity-Canada/PhD-soheil/Thesis/Submission/send to thomas 2026-05/DEFENSE_SENDOUT_CANDIDATE_20260510_v0/ai_washing_v4.3,paper/v4_3_source/table_inputs/appendix/appendix_A3_highconf_composition.tex,tex,cc90dd42573761667d3848a791f86e9d61555d2412572b28e7024513b6798610,private_project_package,paper_freeze,present
appendix_A4_highconf_mismatch,v4_3_paper_source,/Users/soheilkhodadadi/Library/CloudStorage/OneDrive-ConcordiaUniversity-Canada/PhD-soheil/Thesis/Submission/send to thomas 2026-05/DEFENSE_SENDOUT_CANDIDATE_20260510_v0/ai_washing_v4.3,paper/v4_3_source/table_inputs/appendix/appendix_A4_highconf_mismatch.tex,tex,6277f4ad64940a82fc81c776af944bb5a06d265b15954470a24c5b1ff64aef74,private_project_package,paper_freeze,present
appendix_A5_variable_definitions,v4_3_paper_source,/Users/soheilkhodadadi/Library/CloudStorage/OneDrive-ConcordiaUniversity-Canada/PhD-soheil/Thesis/Submission/send to thomas 2026-05/DEFENSE_SENDOUT_CANDIDATE_20260510_v0/ai_washing_v4.3,paper/v4_3_source/table_inputs/appendix/appendix_A5_variable_definitions.tex,tex,2c7b432eb5d5bdf30af98f1d64914edb819d5cdf2493cf268ffa57bcf378cc32,private_project_package,paper_freeze,present
appendix_B1_ai_focus_timing,v4_3_paper_source,/Users/soheilkhodadadi/Library/CloudStorage/OneDrive-ConcordiaUniversity-Canada/PhD-soheil/Thesis/Submission/send to thomas 2026-05/DEFENSE_SENDOUT_CANDIDATE_20260510_v0/ai_washing_v4.3,paper/v4_3_source/table_inputs/appendix/appendix_B1_ai_focus_timing.tex,tex,56a5d5988826c3be77f495e456e9217ce7b48b712bc10bfbff30e60c12203d39,private_project_package,paper_freeze,present
appendix_B2_actionable_timing,v4_3_paper_source,/Users/soheilkhodadadi/Library/CloudStorage/OneDrive-ConcordiaUniversity-Canada/PhD-soheil/Thesis/Submission/send to thomas 2026-05/DEFENSE_SENDOUT_CANDIDATE_20260510_v0/ai_washing_v4.3,paper/v4_3_source/table_inputs/appendix/appendix_B2_actionable_timing.tex,tex,ab81994dd44c61293044ab8d4377d8bed84c5f96c353ccd3d04218f2c353179f,private_project_package,paper_freeze,present
appendix_B3_speculative_timing,v4_3_paper_source,/Users/soheilkhodadadi/Library/CloudStorage/OneDrive-ConcordiaUniversity-Canada/PhD-soheil/Thesis/Submission/send to thomas 2026-05/DEFENSE_SENDOUT_CANDIDATE_20260510_v0/ai_washing_v4.3,paper/v4_3_source/table_inputs/appendix/appendix_B3_speculative_timing.tex,tex,b513daeb590a68f24100ef4d2735574238055f63f2f4b02036d320505c4d59aa,private_project_package,paper_freeze,present
appendix_B4_as_mismatch_tplus2,v4_3_paper_source,/Users/soheilkhodadadi/Library/CloudStorage/OneDrive-ConcordiaUniversity-Canada/PhD-soheil/Thesis/Submission/send to thomas 2026-05/DEFENSE_SENDOUT_CANDIDATE_20260510_v0/ai_washing_v4.3,paper/v4_3_source/table_inputs/appendix/appendix_B4_as_mismatch_tplus2.tex,tex,ddfa0fbdd514acf4e81599aa70bce12478bcbc016df90ec63968358697035cc8,private_project_package,paper_freeze,present
appendix_C1_det_reduced,v4_3_paper_source,/Users/soheilkhodadadi/Library/CloudStorage/OneDrive-ConcordiaUniversity-Canada/PhD-soheil/Thesis/Submission/send to thomas 2026-05/DEFENSE_SENDOUT_CANDIDATE_20260510_v0/ai_washing_v4.3,paper/v4_3_source/table_inputs/appendix/appendix_C1_det_reduced.tex,tex,a64051518596b42be9e6dd54c8341b37ed4204ac4c3d636440a389967276d8a8,private_project_package,paper_freeze,present
appendix_C2_det_full,v4_3_paper_source,/Users/soheilkhodadadi/Library/CloudStorage/OneDrive-ConcordiaUniversity-Canada/PhD-soheil/Thesis/Submission/send to thomas 2026-05/DEFENSE_SENDOUT_CANDIDATE_20260510_v0/ai_washing_v4.3,paper/v4_3_source/table_inputs/appendix/appendix_C2_det_full.tex,tex,41e266e9264e459dc21f5a739211b780dc507720940ad2f8330630f1e5550abe,private_project_package,paper_freeze,present
appendix_C3_det_intensity,v4_3_paper_source,/Users/soheilkhodadadi/Library/CloudStorage/OneDrive-ConcordiaUniversity-Canada/PhD-soheil/Thesis/Submission/send to thomas 2026-05/DEFENSE_SENDOUT_CANDIDATE_20260510_v0/ai_washing_v4.3,paper/v4_3_source/table_inputs/appendix/appendix_C3_det_intensity.tex,tex,212f113baa65a879da226faeac6db3f826f4078abf7de89b2313ea2f107138e3,private_project_package,paper_freeze,present
appendix_C4_size_heterogeneity,v4_3_paper_source,/Users/soheilkhodadadi/Library/CloudStorage/OneDrive-ConcordiaUniversity-Canada/PhD-soheil/Thesis/Submission/send to thomas 2026-05/DEFENSE_SENDOUT_CANDIDATE_20260510_v0/ai_washing_v4.3,paper/v4_3_source/table_inputs/appendix/appendix_C4_size_heterogeneity.tex,tex,27a4dee230185fbb6a0f60b83b94bee45c881ed57a7c8e263ab6e3d9823b029e,private_project_package,paper_freeze,present
appendix_C5_issue_window_market,v4_3_paper_source,/Users/soheilkhodadadi/Library/CloudStorage/OneDrive-ConcordiaUniversity-Canada/PhD-soheil/Thesis/Submission/send to thomas 2026-05/DEFENSE_SENDOUT_CANDIDATE_20260510_v0/ai_washing_v4.3,paper/v4_3_source/table_inputs/appendix/appendix_C5_issue_window_market.tex,tex,67ddfd6792d7bd3804a909cad6adbb8c715a4a47ca34ce5841838a95363b967e,private_project_package,paper_freeze,present
appendix_C6_predictive_return_controls,v4_3_paper_source,/Users/soheilkhodadadi/Library/CloudStorage/OneDrive-ConcordiaUniversity-Canada/PhD-soheil/Thesis/Submission/send to thomas 2026-05/DEFENSE_SENDOUT_CANDIDATE_20260510_v0/ai_washing_v4.3,paper/v4_3_source/table_inputs/appendix/appendix_C6_predictive_return_controls.tex,tex,64da9e90a0648eeba951d10059d12f7c4f65d2647600bbfba04b8a8e03990cd6,private_project_package,paper_freeze,present
appendix_C7_matched_ai_talking,v4_3_paper_source,/Users/soheilkhodadadi/Library/CloudStorage/OneDrive-ConcordiaUniversity-Canada/PhD-soheil/Thesis/Submission/send to thomas 2026-05/DEFENSE_SENDOUT_CANDIDATE_20260510_v0/ai_washing_v4.3,paper/v4_3_source/table_inputs/appendix/appendix_C7_matched_ai_talking.tex,tex,f20c55444357d7386c4e15b4c8659de86cd4ca019015127fbdef9d30633ed751,private_project_package,paper_freeze,present
test_00_summary_stats,v4_3_paper_source,/Users/soheilkhodadadi/Library/CloudStorage/OneDrive-ConcordiaUniversity-Canada/PhD-soheil/Thesis/Submission/send to thomas 2026-05/DEFENSE_SENDOUT_CANDIDATE_20260510_v0/ai_washing_v4.3,paper/v4_3_source/table_inputs/test_00_summary_stats.tex,tex,8677a5446aecefc756c397b4b87a282311915ed7fda5666c2ebc199bc7b070f7,private_project_package,paper_freeze,present
test_09_factor_adjusted_alpha,v4_3_paper_source,/Users/soheilkhodadadi/Library/CloudStorage/OneDrive-ConcordiaUniversity-Canada/PhD-soheil/Thesis/Submission/send to thomas 2026-05/DEFENSE_SENDOUT_CANDIDATE_20260510_v0/ai_washing_v4.3,paper/v4_3_source/table_inputs/test_09_factor_adjusted_alpha.tex,tex,ea89e96e63400d92fc0b818a443d23e105dd629d44e747be9b829092a796b005,private_project_package,paper_freeze,present
test_16_construct_variant_screen,v4_3_paper_source,/Users/soheilkhodadadi/Library/CloudStorage/OneDrive-ConcordiaUniversity-Canada/PhD-soheil/Thesis/Submission/send to thomas 2026-05/DEFENSE_SENDOUT_CANDIDATE_20260510_v0/ai_washing_v4.3,paper/v4_3_source/table_inputs/test_16_construct_variant_screen.tex,tex,f7ce151fa6d0cb037bad9e3bffb6de3c7c94f4d37439fd2d6e1f6e733e6d25b5,private_project_package,paper_freeze,present
test_17_real_outcome_dynamics,v4_3_paper_source,/Users/soheilkhodadadi/Library/CloudStorage/OneDrive-ConcordiaUniversity-Canada/PhD-soheil/Thesis/Submission/send to thomas 2026-05/DEFENSE_SENDOUT_CANDIDATE_20260510_v0/ai_washing_v4.3,paper/v4_3_source/table_inputs/test_17_real_outcome_dynamics.tex,tex,51c11cd7508b291701fe674b225ce7994f90d1197820ba6c1bd52f5cd63f0df2,private_project_package,paper_freeze,present
test_20_comment_letter_cleanup,v4_3_paper_source,/Users/soheilkhodadadi/Library/CloudStorage/OneDrive-ConcordiaUniversity-Canada/PhD-soheil/Thesis/Submission/send to thomas 2026-05/DEFENSE_SENDOUT_CANDIDATE_20260510_v0/ai_washing_v4.3,paper/v4_3_source/table_inputs/test_20_comment_letter_cleanup.tex,tex,adccaf57f669f003fbcc490f6c3dee57c776704e77683f7fdbb053c12e81869a,private_project_package,paper_freeze,present
test_25_exec_incentive_mismatch,v4_3_paper_source,/Users/soheilkhodadadi/Library/CloudStorage/OneDrive-ConcordiaUniversity-Canada/PhD-soheil/Thesis/Submission/send to thomas 2026-05/DEFENSE_SENDOUT_CANDIDATE_20260510_v0/ai_washing_v4.3,paper/v4_3_source/table_inputs/test_25_exec_incentive_mismatch.tex,tex,55c4a0263dd6cc9de4cb1f59e4273e6322706cba34d16eea14883e40612ab250,private_project_package,paper_freeze,present
test_29_sec_ai_washing_enforcement_did,v4_3_paper_source,/Users/soheilkhodadadi/Library/CloudStorage/OneDrive-ConcordiaUniversity-Canada/PhD-soheil/Thesis/Submission/send to thomas 2026-05/DEFENSE_SENDOUT_CANDIDATE_20260510_v0/ai_washing_v4.3,paper/v4_3_source/table_inputs/test_29_sec_ai_washing_enforcement_did.tex,tex,2823cda7a34de14f6e42e47f3972031fd6d452795499fac436048f0287608c32,private_project_package,paper_freeze,present
test_30_capital_raising_timing,v4_3_paper_source,/Users/soheilkhodadadi/Library/CloudStorage/OneDrive-ConcordiaUniversity-Canada/PhD-soheil/Thesis/Submission/send to thomas 2026-05/DEFENSE_SENDOUT_CANDIDATE_20260510_v0/ai_washing_v4.3,paper/v4_3_source/table_inputs/test_30_capital_raising_timing.tex,tex,76d991d0b8a30a52b6bc5623b2452b31a430037546c99c85beb25583d44867d6,private_project_package,paper_freeze,present
F-F_Momentum_Factor,generated_export_evidence,original path recorded in crosswalk/run_manifest,data/curated/v4_3/factor_inputs/extracted/F-F_Momentum_Factor.csv,csv,bdf25dbc423f74a5a758d96f6d64c453d0bc646951b06f0512ad758dcbbd7b2e,private_project_package,table_lineage,present
F-F_Research_Data_5_Factors_2x3,generated_export_evidence,original path recorded in crosswalk/run_manifest,data/curated/v4_3/factor_inputs/extracted/F-F_Research_Data_5_Factors_2x3.csv,csv,b1b74d178ced4491025e69de6724fb42dd358dbd715134b7d9b147906c30fc69,private_project_package,table_lineage,present
factor_bundle_manifest,generated_export_evidence,original path recorded in crosswalk/run_manifest,data/curated/v4_3/factor_inputs/parsed/factor_bundle_manifest.json,json,76dd0df2b791487843bfee7e1acc8a8848234d25f99b536228dab1eef9ff49b9,private_project_package,table_lineage,present
ff5_momentum_monthly,generated_export_evidence,original path recorded in crosswalk/run_manifest,data/curated/v4_3/factor_inputs/parsed/ff5_momentum_monthly.csv,csv,8fa4d5257ff109592a7712b91df615740f49a1b0e7f61652abc869cb3092a855,private_project_package,table_lineage,present
ff5_momentum_monthly,generated_export_evidence,original path recorded in crosswalk/run_manifest,data/curated/v4_3/factor_inputs/parsed/ff5_momentum_monthly.parquet,parquet,c2fa42977cfb3b1857c95e6d450478afa43cbd45ea6be48b8b084ab8beb55b6c,private_project_package,table_lineage,present
ff5_monthly,generated_export_evidence,original path recorded in crosswalk/run_manifest,data/curated/v4_3/factor_inputs/parsed/ff5_monthly.csv,csv,38ccd06703028d075a6c10d719937893229194731573568792ec51675ba41e0d,private_project_package,table_lineage,present
momentum_monthly,generated_export_evidence,original path recorded in crosswalk/run_manifest,data/curated/v4_3/factor_inputs/parsed/momentum_monthly.csv,csv,023148ba9bc704ce8858c09c49f9df6a1b0f56be00c7cefd3458b48fbb4e3af9,private_project_package,table_lineage,present
F-F_Momentum_Factor_CSV,generated_export_evidence,original path recorded in crosswalk/run_manifest,data/curated/v4_3/factor_inputs/raw/F-F_Momentum_Factor_CSV.zip,zip,f4cd91c5f6c67f10fb1d376bbaebeb0f17d94d94ae4b0d39a8a2a691f43c7c51,private_project_package,table_lineage,present
F-F_Research_Data_5_Factors_2x3_CSV,generated_export_evidence,original path recorded in crosswalk/run_manifest,data/curated/v4_3/factor_inputs/raw/F-F_Research_Data_5_Factors_2x3_CSV.zip,zip,9c919514a7a74822d7d998212f71f556a2e25acf3d8ea41761a2313529077a1e,private_project_package,table_lineage,present
legacy_r1_disclosure_volume_20260411_hybrid_api_a_conf49_main_v1,generated_export_evidence,original path recorded in crosswalk/run_manifest,data/curated/v4_3/generated_exports/paper/generated/figures/legacy_r1_disclosure_volume_20260411_hybrid_api_a_conf49_main_v1.pdf,pdf,20757d2c12599c94f70848ded85248075c8214790512499576dc501f9b43bcb1,private_project_package,table_lineage,present
appendix_variable_definitions_20260412_hybrid_api_a_conf49_main_v1,generated_export_evidence,original path recorded in crosswalk/run_manifest,data/curated/v4_3/generated_exports/paper/generated/latex/appendix_variable_definitions_20260412_hybrid_api_a_conf49_main_v1.tex,tex,60351563b43f3209a151420c8515d3604b269f57b552b9991a74a42a08438804,private_project_package,table_lineage,present
legacy_r1_summary_stats_20260412_hybrid_api_a_conf49_main_v2,generated_export_evidence,original path recorded in crosswalk/run_manifest,data/curated/v4_3/generated_exports/paper/generated/latex/legacy_r1_summary_stats_20260412_hybrid_api_a_conf49_main_v2.tex,tex,eb8088d97cdaf8cdf1008788aa501d3697aa0c4cae6180efcbd20dc44ff98cf9,private_project_package,table_lineage,present
test_05_size_heterogeneity_20260411_hybrid_api_a_conf49_main_v1,generated_export_evidence,original path recorded in crosswalk/run_manifest,data/curated/v4_3/generated_exports/paper/generated/latex/test_05_size_heterogeneity_20260411_hybrid_api_a_conf49_main_v1.tex,tex,e5a6ad629bb2adebd5d69937cc033bffdc1ef057dbe1a4cc0ddde5bd574a774c,private_project_package,table_lineage,present
appendix_variable_definitions_20260412_hybrid_api_a_conf49_main_v1,generated_export_evidence,original path recorded in crosswalk/run_manifest,data/curated/v4_3/generated_exports/paper/generated/tables/appendix_variable_definitions_20260412_hybrid_api_a_conf49_main_v1.csv,csv,0ecfcb54a63066d7dd0300211dbcf65b3ffa61bac25459e329e44b61261c0e1c,private_project_package,table_lineage,present
legacy_a1_mismatch_determinants_full_20260411_hybrid_api_a_conf49_main_v1,generated_export_evidence,original path recorded in crosswalk/run_manifest,data/curated/v4_3/generated_exports/paper/generated/tables/legacy_a1_mismatch_determinants_full_20260411_hybrid_api_a_conf49_main_v1.csv,csv,3ee15e19b9aaa623f61e3c7e668e44d3f413f0a7e6f4e6d6db6863b77474d2f3,private_project_package,table_lineage,present
legacy_a2_mismatch_intensity_20260411_hybrid_api_a_conf49_main_v1,generated_export_evidence,original path recorded in crosswalk/run_manifest,data/curated/v4_3/generated_exports/paper/generated/tables/legacy_a2_mismatch_intensity_20260411_hybrid_api_a_conf49_main_v1.csv,csv,08f474cbc4c57f77807923fe3e9b2d6a9dc73e1bfaec0366fb8f6c436a1043ce,private_project_package,table_lineage,present
legacy_b1_measurement_audit_20260411_hybrid_api_a_conf49_main_v1,generated_export_evidence,original path recorded in crosswalk/run_manifest,data/curated/v4_3/generated_exports/paper/generated/tables/legacy_b1_measurement_audit_20260411_hybrid_api_a_conf49_main_v1.csv,csv,e3322e1a0ded8ac18a8d1f6b466acbc0ea78a5919f24175c2861755cbe30a27f,private_project_package,table_lineage,present
legacy_b2_attrition_map_20260411_hybrid_api_a_conf49_main_v1,generated_export_evidence,original path recorded in crosswalk/run_manifest,data/curated/v4_3/generated_exports/paper/generated/tables/legacy_b2_attrition_map_20260411_hybrid_api_a_conf49_main_v1.csv,csv,ae5dee73acd72377b020da8feebc449881d3bbc4227b580d3348306ba333c07b,private_project_package,table_lineage,present
legacy_classifier_risk_highconf_composition_20260411_hybrid_api_a_conf49_main_v1,generated_export_evidence,original path recorded in crosswalk/run_manifest,data/curated/v4_3/generated_exports/paper/generated/tables/legacy_classifier_risk_highconf_composition_20260411_hybrid_api_a_conf49_main_v1.csv,csv,b54b307430be34608ea8336a67f7a419a16d49068e8a8e4ac1ad4350dd310eb3,private_project_package,table_lineage,present
legacy_classifier_risk_highconf_mismatch_20260411_hybrid_api_a_conf49_main_v1,generated_export_evidence,original path recorded in crosswalk/run_manifest,data/curated/v4_3/generated_exports/paper/generated/tables/legacy_classifier_risk_highconf_mismatch_20260411_hybrid_api_a_conf49_main_v1.csv,csv,08d8b6e513fd5716d92fcaf728dcc074bb27bde9bb99d72bf6862b1000ccc871,private_project_package,table_lineage,present
legacy_r1_disclosure_volume_20260411_hybrid_api_a_conf49_main_v1_series,generated_export_evidence,original path recorded in crosswalk/run_manifest,data/curated/v4_3/generated_exports/paper/generated/tables/legacy_r1_disclosure_volume_20260411_hybrid_api_a_conf49_main_v1_series.csv,csv,82cdd155a1cb655073f99d59a8a5de21c1641367b858bea6df29fa3e05201a03,private_project_package,table_lineage,present
legacy_r1_summary_stats_20260412_hybrid_api_a_conf49_main_v2,generated_export_evidence,original path recorded in crosswalk/run_manifest,data/curated/v4_3/generated_exports/paper/generated/tables/legacy_r1_summary_stats_20260412_hybrid_api_a_conf49_main_v2.csv,csv,93d27013b2fd9b397146d65e39ca188bc3388cd41f55429dc732575893a211b3,private_project_package,table_lineage,present
legacy_r2_ai_focus_timing_20260411_hybrid_api_a_conf49_main_v1,generated_export_evidence,original path recorded in crosswalk/run_manifest,data/curated/v4_3/generated_exports/paper/generated/tables/legacy_r2_ai_focus_timing_20260411_hybrid_api_a_conf49_main_v1.csv,csv,184c8fd85a0855c999ec7ec8cea5b951efbdd4a572b30c55de53fc83d040295a,private_project_package,table_lineage,present
legacy_r4_actionable_patent_timing_20260411_hybrid_api_a_conf49_main_v1,generated_export_evidence,original path recorded in crosswalk/run_manifest,data/curated/v4_3/generated_exports/paper/generated/tables/legacy_r4_actionable_patent_timing_20260411_hybrid_api_a_conf49_main_v1.csv,csv,b5fa3ec2c5adfc401b128cf4f37ded663eb031f22b4b3e64aaa3fee6731634de,private_project_package,table_lineage,present
legacy_r5_speculative_patent_timing_20260411_hybrid_api_a_conf49_main_v1,generated_export_evidence,original path recorded in crosswalk/run_manifest,data/curated/v4_3/generated_exports/paper/generated/tables/legacy_r5_speculative_patent_timing_20260411_hybrid_api_a_conf49_main_v1.csv,csv,98386b4f7b060e0ce0f3db13ab0f8092b1631e983a54d5d1495acf69a763085c,private_project_package,table_lineage,present
legacy_r7_as_mismatch_tplus2_20260411_hybrid_api_a_conf49_main_v1,generated_export_evidence,original path recorded in crosswalk/run_manifest,data/curated/v4_3/generated_exports/paper/generated/tables/legacy_r7_as_mismatch_tplus2_20260411_hybrid_api_a_conf49_main_v1.csv,csv,214dd04d44d561a7cc750408f420341e18c146cb324520ef935a03b2b36e87a2,private_project_package,table_lineage,present
legacy_r8_mismatch_determinants_reduced_20260411_hybrid_api_a_conf49_main_v1,generated_export_evidence,original path recorded in crosswalk/run_manifest,data/curated/v4_3/generated_exports/paper/generated/tables/legacy_r8_mismatch_determinants_reduced_20260411_hybrid_api_a_conf49_main_v1.csv,csv,5bc25051134f00fb89455cf05c5b2fc7989069dfbeaa71f37315fd1b6df72915,private_project_package,table_lineage,present
test_05_size_heterogeneity_20260411_hybrid_api_a_conf49_main_v1,generated_export_evidence,original path recorded in crosswalk/run_manifest,data/curated/v4_3/generated_exports/paper/generated/tables/test_05_size_heterogeneity_20260411_hybrid_api_a_conf49_main_v1.csv,csv,f7d5a755434678c94fd0ab82ae0cf5645db8a10a23799c4f3deb2a6bdb2c6749,private_project_package,table_lineage,present
test_13_pre_post_event_path_20260422_aiw_v3_1_test_13_pre_post_event_path_main_v1,generated_export_evidence,original path recorded in crosswalk/run_manifest,data/curated/v4_3/generated_exports/paper/generated/v3_1/figures/test_13_pre_post_event_path_20260422_aiw_v3_1_test_13_pre_post_event_path_main_v1.pdf,pdf,d5dfae221703c5069660aa44d3e35be1ab8edb44ae349c1a018559bc0f61e4dd,private_project_package,table_lineage,present
test_09_factor_adjusted_alpha_20260422_aiw_v3_1_test_09_factor_adjusted_alpha_main_v1,generated_export_evidence,original path recorded in crosswalk/run_manifest,data/curated/v4_3/generated_exports/paper/generated/v3_1/latex/test_09_factor_adjusted_alpha_20260422_aiw_v3_1_test_09_factor_adjusted_alpha_main_v1.tex,tex,f1d6716608eccb5b12338d70b63c35b2ec28d16bdf1956377dee1cfaf751a35d,private_project_package,table_lineage,present
test_12_predictive_return_controls_20260422_aiw_v3_1_test_12_predictive_return_controls_main_v1,generated_export_evidence,original path recorded in crosswalk/run_manifest,data/curated/v4_3/generated_exports/paper/generated/v3_1/latex/test_12_predictive_return_controls_20260422_aiw_v3_1_test_12_predictive_return_controls_main_v1.tex,tex,da62f59c1ef7d30ab82f7c00d0bac4fcc82643c9ebc50b76849342e19f181a1b,private_project_package,table_lineage,present
test_15_matched_ai_talking_sample_20260422_aiw_v3_1_test_15_matched_ai_talking_sample_main_v1,generated_export_evidence,original path recorded in crosswalk/run_manifest,data/curated/v4_3/generated_exports/paper/generated/v3_1/latex/test_15_matched_ai_talking_sample_20260422_aiw_v3_1_test_15_matched_ai_talking_sample_main_v1.tex,tex,f32f88736e030db0e661328881e879255144e7a3a7e8700eeb0f07b3193342d8,private_project_package,table_lineage,present
test_16_construct_variant_screen_20260422_aiw_v3_1_test_16_construct_variant_screen_main_v1,generated_export_evidence,original path recorded in crosswalk/run_manifest,data/curated/v4_3/generated_exports/paper/generated/v3_1/latex/test_16_construct_variant_screen_20260422_aiw_v3_1_test_16_construct_variant_screen_main_v1.tex,tex,03b4153697129718b44bccd811cc84e4b0c6eb8c865dd2b06d6778418752db85,private_project_package,table_lineage,present
test_17_real_outcome_dynamics_20260422_aiw_v3_1_test_17_real_outcome_dynamics_main_v1,generated_export_evidence,original path recorded in crosswalk/run_manifest,data/curated/v4_3/generated_exports/paper/generated/v3_1/latex/test_17_real_outcome_dynamics_20260422_aiw_v3_1_test_17_real_outcome_dynamics_main_v1.tex,tex,503240201da288d9c90ad0c359126e35ebe63eb87d7bc4104d201e833a1838bb,private_project_package,table_lineage,present
test_09_factor_adjusted_alpha_20260422_aiw_v3_1_test_09_factor_adjusted_alpha_main_v1,generated_export_evidence,original path recorded in crosswalk/run_manifest,data/curated/v4_3/generated_exports/paper/generated/v3_1/tables/test_09_factor_adjusted_alpha_20260422_aiw_v3_1_test_09_factor_adjusted_alpha_main_v1.csv,csv,ef8fc20e8e17f58c2687084aee4aaab9c4ccfc96e1b271bc23891a7e8be16a84,private_project_package,table_lineage,present
test_12_predictive_return_controls_20260422_aiw_v3_1_test_12_predictive_return_controls_main_v1,generated_export_evidence,original path recorded in crosswalk/run_manifest,data/curated/v4_3/generated_exports/paper/generated/v3_1/tables/test_12_predictive_return_controls_20260422_aiw_v3_1_test_12_predictive_return_controls_main_v1.csv,csv,bb4d3f7323517372a41e5799feb8f21c148acd1b0a4ec967362b7a77ab68191b,private_project_package,table_lineage,present
test_13_pre_post_event_path_20260422_aiw_v3_1_test_13_pre_post_event_path_main_v1,generated_export_evidence,original path recorded in crosswalk/run_manifest,data/curated/v4_3/generated_exports/paper/generated/v3_1/tables/test_13_pre_post_event_path_20260422_aiw_v3_1_test_13_pre_post_event_path_main_v1.csv,csv,e87f016ac9042c1e9ba0bc8a1f1ed7f8f59142d55d2db5a6305fd7d24422e943,private_project_package,table_lineage,present
test_15_matched_ai_talking_sample_20260422_aiw_v3_1_test_15_matched_ai_talking_sample_main_v1,generated_export_evidence,original path recorded in crosswalk/run_manifest,data/curated/v4_3/generated_exports/paper/generated/v3_1/tables/test_15_matched_ai_talking_sample_20260422_aiw_v3_1_test_15_matched_ai_talking_sample_main_v1.csv,csv,17b29b7d630dfd0bf18ef1720fec58b167e1d20f910769bcddea58d652a596c8,private_project_package,table_lineage,present
test_16_construct_variant_screen_20260422_aiw_v3_1_test_16_construct_variant_screen_main_v1,generated_export_evidence,original path recorded in crosswalk/run_manifest,data/curated/v4_3/generated_exports/paper/generated/v3_1/tables/test_16_construct_variant_screen_20260422_aiw_v3_1_test_16_construct_variant_screen_main_v1.csv,csv,4a8a77e6528196c9dd62a01d096157185ab84370f25b253f49314ec2d79c7d29,private_project_package,table_lineage,present
test_17_real_outcome_dynamics_20260422_aiw_v3_1_test_17_real_outcome_dynamics_main_v1,generated_export_evidence,original path recorded in crosswalk/run_manifest,data/curated/v4_3/generated_exports/paper/generated/v3_1/tables/test_17_real_outcome_dynamics_20260422_aiw_v3_1_test_17_real_outcome_dynamics_main_v1.csv,csv,d2e56d7bacd6b3485880a32ef0c0e8877c96428d24041476df0508fecc0841a6,private_project_package,table_lineage,present
test_20_comment_letter_cleanup_20260423_aiw_v3_2_test_20_comment_letter_cleanup_main_v1,generated_export_evidence,original path recorded in crosswalk/run_manifest,data/curated/v4_3/generated_exports/paper/generated/v3_2/latex/test_20_comment_letter_cleanup_20260423_aiw_v3_2_test_20_comment_letter_cleanup_main_v1.tex,tex,0dd034edd5592c6019d16f1b7ec45923ce4ab6a75ffa49c741303fe641138c9d,private_project_package,table_lineage,present
test_25_exec_incentive_mismatch_20260423_aiw_v3_2_test_25_exec_incentive_mismatch_main_v1,generated_export_evidence,original path recorded in crosswalk/run_manifest,data/curated/v4_3/generated_exports/paper/generated/v3_2/latex/test_25_exec_incentive_mismatch_20260423_aiw_v3_2_test_25_exec_incentive_mismatch_main_v1.tex,tex,3758fe92f9db64fccd5ab52cfb7a134155f37a67ef742119820fe4f2d5a28ab4,private_project_package,table_lineage,present
test_29_sec_ai_washing_enforcement_did_20260423_aiw_v3_2_test_29_sec_ai_washing_enforcement_did_main_v1,generated_export_evidence,original path recorded in crosswalk/run_manifest,data/curated/v4_3/generated_exports/paper/generated/v3_2/latex/test_29_sec_ai_washing_enforcement_did_20260423_aiw_v3_2_test_29_sec_ai_washing_enforcement_did_main_v1.tex,tex,9eb86d16c1b50eb284030d69a67bf7876ecd83938e0ee8e9304555266aeab757,private_project_package,table_lineage,present
test_30_capital_raising_timing_20260423_aiw_v3_2_test_30_capital_raising_timing_main_v1,generated_export_evidence,original path recorded in crosswalk/run_manifest,data/curated/v4_3/generated_exports/paper/generated/v3_2/latex/test_30_capital_raising_timing_20260423_aiw_v3_2_test_30_capital_raising_timing_main_v1.tex,tex,6ab0c42ef37be4c10c48ae3d1f935a8f1dd7b3dbfa1777e0a71c282bdd438f73,private_project_package,table_lineage,present
test_32_market_reaction_in_issue_windows_20260423_aiw_v3_2_test_32_market_reaction_in_issue_windows_main_v1,generated_export_evidence,original path recorded in crosswalk/run_manifest,data/curated/v4_3/generated_exports/paper/generated/v3_2/latex/test_32_market_reaction_in_issue_windows_20260423_aiw_v3_2_test_32_market_reaction_in_issue_windows_main_v1.tex,tex,8f0ffc4ff482d6dd0919a8c82f92921d0c240625625a19719814ae8a8272f806,private_project_package,table_lineage,present
test_20_comment_letter_cleanup_20260423_aiw_v3_2_test_20_comment_letter_cleanup_main_v1,generated_export_evidence,original path recorded in crosswalk/run_manifest,data/curated/v4_3/generated_exports/paper/generated/v3_2/tables/test_20_comment_letter_cleanup_20260423_aiw_v3_2_test_20_comment_letter_cleanup_main_v1.csv,csv,9b374daf320067c17e3f0620279ca6cb49e8fd055b8e4b48c448d181f99da280,private_project_package,table_lineage,present
test_25_exec_incentive_mismatch_20260423_aiw_v3_2_test_25_exec_incentive_mismatch_main_v1,generated_export_evidence,original path recorded in crosswalk/run_manifest,data/curated/v4_3/generated_exports/paper/generated/v3_2/tables/test_25_exec_incentive_mismatch_20260423_aiw_v3_2_test_25_exec_incentive_mismatch_main_v1.csv,csv,f8fe680b58fd6e6294f225eb56d8caba8e2cf64e5a74ef03419448b308f398bd,private_project_package,table_lineage,present
test_29_sec_ai_washing_enforcement_did_20260423_aiw_v3_2_test_29_sec_ai_washing_enforcement_did_main_v1,generated_export_evidence,original path recorded in crosswalk/run_manifest,data/curated/v4_3/generated_exports/paper/generated/v3_2/tables/test_29_sec_ai_washing_enforcement_did_20260423_aiw_v3_2_test_29_sec_ai_washing_enforcement_did_main_v1.csv,csv,e2001adb072c5f35478af092ac9e7bcc5935218eacecec8a5649020d94fbe0e0,private_project_package,table_lineage,present
test_30_capital_raising_timing_20260423_aiw_v3_2_test_30_capital_raising_timing_main_v1,generated_export_evidence,original path recorded in crosswalk/run_manifest,data/curated/v4_3/generated_exports/paper/generated/v3_2/tables/test_30_capital_raising_timing_20260423_aiw_v3_2_test_30_capital_raising_timing_main_v1.csv,csv,ff48fff88aae4b3a1f4220da13435f66321e907c4ef6286b88045edd3e91707c,private_project_package,table_lineage,present
test_32_market_reaction_in_issue_windows_20260423_aiw_v3_2_test_32_market_reaction_in_issue_windows_main_v1,generated_export_evidence,original path recorded in crosswalk/run_manifest,data/curated/v4_3/generated_exports/paper/generated/v3_2/tables/test_32_market_reaction_in_issue_windows_20260423_aiw_v3_2_test_32_market_reaction_in_issue_windows_main_v1.csv,csv,d2c1a2afcc6260d29865d01e8c44d79d63e872b2caaec6c896499546f628075f,private_project_package,table_lineage,present
dataset_summary,generated_run_evidence,original path recorded in crosswalk/run_manifest,data/curated/v4_3/generated_runs/appendix_variable_definitions/20260412_hybrid_api_a_conf49_main_v1/dataset_summary.json,json,011dcd5b1807ffb6c329a6159616d91671e71b55978b57df100650a9bd3cfa37,private_project_package,table_lineage,present
result_notes,generated_run_evidence,original path recorded in crosswalk/run_manifest,data/curated/v4_3/generated_runs/appendix_variable_definitions/20260412_hybrid_api_a_conf49_main_v1/result_notes.md,md,095b05affd9a7a51c7c924621ee6bb322f6adb37bd688543364e586fc7fc4db5,private_project_package,table_lineage,present
run_manifest,generated_run_evidence,original path recorded in crosswalk/run_manifest,data/curated/v4_3/generated_runs/appendix_variable_definitions/20260412_hybrid_api_a_conf49_main_v1/run_manifest.json,json,2bcc82bc1cf29f68def33eca98f66de5d72d5a40a4675bfcd6a27a3b1ce66889,private_project_package,table_lineage,present
table_main,generated_run_evidence,original path recorded in crosswalk/run_manifest,data/curated/v4_3/generated_runs/appendix_variable_definitions/20260412_hybrid_api_a_conf49_main_v1/table_main.csv,csv,0ecfcb54a63066d7dd0300211dbcf65b3ffa61bac25459e329e44b61261c0e1c,private_project_package,table_lineage,present
table_main,generated_run_evidence,original path recorded in crosswalk/run_manifest,data/curated/v4_3/generated_runs/appendix_variable_definitions/20260412_hybrid_api_a_conf49_main_v1/table_main.docx,docx,4b7f38ad66598d5ef539bfd98544614868abb54ceb80c06c60e7304f05142f85,private_project_package,table_lineage,present
table_main,generated_run_evidence,original path recorded in crosswalk/run_manifest,data/curated/v4_3/generated_runs/appendix_variable_definitions/20260412_hybrid_api_a_conf49_main_v1/table_main.md,md,fe35874d8a7496aabbba3bed76513867797d3e07be9aae509dd151c1cfd0079f,private_project_package,table_lineage,present
table_main,generated_run_evidence,original path recorded in crosswalk/run_manifest,data/curated/v4_3/generated_runs/appendix_variable_definitions/20260412_hybrid_api_a_conf49_main_v1/table_main.tex,tex,60351563b43f3209a151420c8515d3604b269f57b552b9991a74a42a08438804,private_project_package,table_lineage,present
writer_packet,generated_run_evidence,original path recorded in crosswalk/run_manifest,data/curated/v4_3/generated_runs/appendix_variable_definitions/20260412_hybrid_api_a_conf49_main_v1/writer_packet.md,md,45dcb53721efa558f8dcdd0dbb28691aba38d260d1d1927842749379709a516f,private_project_package,table_lineage,present
dataset_summary,generated_run_evidence,original path recorded in crosswalk/run_manifest,data/curated/v4_3/generated_runs/legacy_a1_mismatch_determinants_full/20260411_hybrid_api_a_conf49_main_v1/dataset_summary.json,json,ed15b95c61d052ae30b71d16ca97d7de9bfa919050cec692c7b67b3dffcc270b,private_project_package,table_lineage,present
result_notes,generated_run_evidence,original path recorded in crosswalk/run_manifest,data/curated/v4_3/generated_runs/legacy_a1_mismatch_determinants_full/20260411_hybrid_api_a_conf49_main_v1/result_notes.md,md,71e03c5505f62ec74abae99e11d1582740698111dd28b6b8133647d7d97ab4f7,private_project_package,table_lineage,present
run_manifest,generated_run_evidence,original path recorded in crosswalk/run_manifest,data/curated/v4_3/generated_runs/legacy_a1_mismatch_determinants_full/20260411_hybrid_api_a_conf49_main_v1/run_manifest.json,json,4052a5ea9a519890f6eb703f5795eee0517226436ed37aae9fac13c4b5bee74f,private_project_package,table_lineage,present
table_main,generated_run_evidence,original path recorded in crosswalk/run_manifest,data/curated/v4_3/generated_runs/legacy_a1_mismatch_determinants_full/20260411_hybrid_api_a_conf49_main_v1/table_main.csv,csv,3ee15e19b9aaa623f61e3c7e668e44d3f413f0a7e6f4e6d6db6863b77474d2f3,private_project_package,table_lineage,present
table_main,generated_run_evidence,original path recorded in crosswalk/run_manifest,data/curated/v4_3/generated_runs/legacy_a1_mismatch_determinants_full/20260411_hybrid_api_a_conf49_main_v1/table_main.docx,docx,06d900bf52d1bc619d6913bbd3efb580d011bd257a73ba9957c7171f083a97ce,private_project_package,table_lineage,present
table_main,generated_run_evidence,original path recorded in crosswalk/run_manifest,data/curated/v4_3/generated_runs/legacy_a1_mismatch_determinants_full/20260411_hybrid_api_a_conf49_main_v1/table_main.md,md,362b690314f833b04720bb414c56265b32818fd8d91096df1092e72525ef8c62,private_project_package,table_lineage,present
table_payload,generated_run_evidence,original path recorded in crosswalk/run_manifest,data/curated/v4_3/generated_runs/legacy_a1_mismatch_determinants_full/20260411_hybrid_api_a_conf49_main_v1/table_payload.json,json,54bed0b3aab5fd9e5c7bd983fa397bab312e3726232f2adb3949a9aeabd1397f,private_project_package,table_lineage,present
writer_packet,generated_run_evidence,original path recorded in crosswalk/run_manifest,data/curated/v4_3/generated_runs/legacy_a1_mismatch_determinants_full/20260411_hybrid_api_a_conf49_main_v1/writer_packet.md,md,caaf23481064a7ff5b1834386fc2b3614a8f860800c1a61a2198c48ed4254981,private_project_package,table_lineage,present
dataset_summary,generated_run_evidence,original path recorded in crosswalk/run_manifest,data/curated/v4_3/generated_runs/legacy_a2_mismatch_intensity/20260411_hybrid_api_a_conf49_main_v1/dataset_summary.json,json,d91ad069d0cebf046e66b6314fbf4af3cec8ce6b9a08f91a67c87f78d1afebba,private_project_package,table_lineage,present
result_notes,generated_run_evidence,original path recorded in crosswalk/run_manifest,data/curated/v4_3/generated_runs/legacy_a2_mismatch_intensity/20260411_hybrid_api_a_conf49_main_v1/result_notes.md,md,6828dabc5e28fc955f7d7e044e737a88bf769a8dcb7a6a1c6b4514ccdad3edcf,private_project_package,table_lineage,present
run_manifest,generated_run_evidence,original path recorded in crosswalk/run_manifest,data/curated/v4_3/generated_runs/legacy_a2_mismatch_intensity/20260411_hybrid_api_a_conf49_main_v1/run_manifest.json,json,65cedeab67ec47a02aca037f9c903035008ae3c95710c9d8f071eda873d287e0,private_project_package,table_lineage,present
table_main,generated_run_evidence,original path recorded in crosswalk/run_manifest,data/curated/v4_3/generated_runs/legacy_a2_mismatch_intensity/20260411_hybrid_api_a_conf49_main_v1/table_main.csv,csv,08f474cbc4c57f77807923fe3e9b2d6a9dc73e1bfaec0366fb8f6c436a1043ce,private_project_package,table_lineage,present
table_main,generated_run_evidence,original path recorded in crosswalk/run_manifest,data/curated/v4_3/generated_runs/legacy_a2_mismatch_intensity/20260411_hybrid_api_a_conf49_main_v1/table_main.docx,docx,a238c68d1d39ea1abfcb35a6abae99edba8dadc83be335e5b3e02fce9b96a698,private_project_package,table_lineage,present
table_main,generated_run_evidence,original path recorded in crosswalk/run_manifest,data/curated/v4_3/generated_runs/legacy_a2_mismatch_intensity/20260411_hybrid_api_a_conf49_main_v1/table_main.md,md,bb16e099e67fd755cf8e3d56d60ae4bde7947da5da7458c00b0f4eee5bae1d26,private_project_package,table_lineage,present
table_payload,generated_run_evidence,original path recorded in crosswalk/run_manifest,data/curated/v4_3/generated_runs/legacy_a2_mismatch_intensity/20260411_hybrid_api_a_conf49_main_v1/table_payload.json,json,fb9226c480a8b3b24d29806039e9ac2a93e28b221b89338b433c467c9aff3221,private_project_package,table_lineage,present
writer_packet,generated_run_evidence,original path recorded in crosswalk/run_manifest,data/curated/v4_3/generated_runs/legacy_a2_mismatch_intensity/20260411_hybrid_api_a_conf49_main_v1/writer_packet.md,md,f2481e3b47c1895fd3c98290ed8012606775203f54188cc48e1c1f4706a010eb,private_project_package,table_lineage,present
dataset_summary,generated_run_evidence,original path recorded in crosswalk/run_manifest,data/curated/v4_3/generated_runs/legacy_b1_measurement_audit/20260411_hybrid_api_a_conf49_main_v1/dataset_summary.json,json,c6764229d476c55498b74374778411da5046ff26ae0f053c5b2722aecd7b63cf,private_project_package,table_lineage,present
result_notes,generated_run_evidence,original path recorded in crosswalk/run_manifest,data/curated/v4_3/generated_runs/legacy_b1_measurement_audit/20260411_hybrid_api_a_conf49_main_v1/result_notes.md,md,1ac503bcf33202cb54c9024161d9ce79e74a167cc291dcbc9e12d3ccefb69ca0,private_project_package,table_lineage,present
run_manifest,generated_run_evidence,original path recorded in crosswalk/run_manifest,data/curated/v4_3/generated_runs/legacy_b1_measurement_audit/20260411_hybrid_api_a_conf49_main_v1/run_manifest.json,json,eb0bbca110cac95d16b96aefa1a19cccf38f67451556d79575d863e8885d19db,private_project_package,table_lineage,present
table_main,generated_run_evidence,original path recorded in crosswalk/run_manifest,data/curated/v4_3/generated_runs/legacy_b1_measurement_audit/20260411_hybrid_api_a_conf49_main_v1/table_main.csv,csv,e3322e1a0ded8ac18a8d1f6b466acbc0ea78a5919f24175c2861755cbe30a27f,private_project_package,table_lineage,present
table_main,generated_run_evidence,original path recorded in crosswalk/run_manifest,data/curated/v4_3/generated_runs/legacy_b1_measurement_audit/20260411_hybrid_api_a_conf49_main_v1/table_main.docx,docx,1bc1d8798e9fe5059f2606929f516ef9492e240c70edfa3509946541dad319f5,private_project_package,table_lineage,present
table_main,generated_run_evidence,original path recorded in crosswalk/run_manifest,data/curated/v4_3/generated_runs/legacy_b1_measurement_audit/20260411_hybrid_api_a_conf49_main_v1/table_main.md,md,3c0506a1d48bfabb3a3e582d22901af61bb8d23f71521315535d13ba2cfb77b2,private_project_package,table_lineage,present
table_main,generated_run_evidence,original path recorded in crosswalk/run_manifest,data/curated/v4_3/generated_runs/legacy_b1_measurement_audit/20260411_hybrid_api_a_conf49_main_v1/table_main.tex,tex,556e4691bfaf467f9378cb0c8fb457db67b3c86def3314aae45a3d94fa6316c3,private_project_package,table_lineage,present
writer_packet,generated_run_evidence,original path recorded in crosswalk/run_manifest,data/curated/v4_3/generated_runs/legacy_b1_measurement_audit/20260411_hybrid_api_a_conf49_main_v1/writer_packet.md,md,b89d336c6550964efd519f69580145f295f3fd21e2cb624ee084485a4b7c4898,private_project_package,table_lineage,present
dataset_summary,generated_run_evidence,original path recorded in crosswalk/run_manifest,data/curated/v4_3/generated_runs/legacy_b2_attrition_map/20260411_hybrid_api_a_conf49_main_v1/dataset_summary.json,json,d1a0496c154737a6970596e8f7b893c75551934781fb35f1ed871475545baf29,private_project_package,table_lineage,present
result_notes,generated_run_evidence,original path recorded in crosswalk/run_manifest,data/curated/v4_3/generated_runs/legacy_b2_attrition_map/20260411_hybrid_api_a_conf49_main_v1/result_notes.md,md,ccb9caaf423396d4b54cf585bbec53089d34ca94dd77a5e3313532ddc85be6a4,private_project_package,table_lineage,present
run_manifest,generated_run_evidence,original path recorded in crosswalk/run_manifest,data/curated/v4_3/generated_runs/legacy_b2_attrition_map/20260411_hybrid_api_a_conf49_main_v1/run_manifest.json,json,a8f0e239caf119546c36d1fe555010b555802862eb4e9c9fe4fc80ef9bbefee8,private_project_package,table_lineage,present
table_main,generated_run_evidence,original path recorded in crosswalk/run_manifest,data/curated/v4_3/generated_runs/legacy_b2_attrition_map/20260411_hybrid_api_a_conf49_main_v1/table_main.csv,csv,ae5dee73acd72377b020da8feebc449881d3bbc4227b580d3348306ba333c07b,private_project_package,table_lineage,present
table_main,generated_run_evidence,original path recorded in crosswalk/run_manifest,data/curated/v4_3/generated_runs/legacy_b2_attrition_map/20260411_hybrid_api_a_conf49_main_v1/table_main.docx,docx,110053a37c0e020acfdfe62ceaaa67b709115965a6daf8126651845ea0133ddb,private_project_package,table_lineage,present
table_main,generated_run_evidence,original path recorded in crosswalk/run_manifest,data/curated/v4_3/generated_runs/legacy_b2_attrition_map/20260411_hybrid_api_a_conf49_main_v1/table_main.md,md,c08348c0d539f56206f054a54e56ab5c61c1a62f028a679f55da26b7e5f52aa5,private_project_package,table_lineage,present
table_main,generated_run_evidence,original path recorded in crosswalk/run_manifest,data/curated/v4_3/generated_runs/legacy_b2_attrition_map/20260411_hybrid_api_a_conf49_main_v1/table_main.tex,tex,2220a360d9bc70055cfd1c79a07f09dcfb645b69f365d6bcbd465dfe9298d01d,private_project_package,table_lineage,present
writer_packet,generated_run_evidence,original path recorded in crosswalk/run_manifest,data/curated/v4_3/generated_runs/legacy_b2_attrition_map/20260411_hybrid_api_a_conf49_main_v1/writer_packet.md,md,d8ce7feae14e9e9741ba1766094e9d680895f9df784e07f3ccf14251e1f8e8be,private_project_package,table_lineage,present
dataset_summary,generated_run_evidence,original path recorded in crosswalk/run_manifest,data/curated/v4_3/generated_runs/legacy_classifier_risk_highconf/20260411_hybrid_api_a_conf49_main_v1/dataset_summary.json,json,09760518919f928f74e7719981906df8bab71fd8351b5557fbef846c6fd27620,private_project_package,table_lineage,present
legacy_classifier_risk_highconf_composition,generated_run_evidence,original path recorded in crosswalk/run_manifest,data/curated/v4_3/generated_runs/legacy_classifier_risk_highconf/20260411_hybrid_api_a_conf49_main_v1/legacy_classifier_risk_highconf_composition.csv,csv,b54b307430be34608ea8336a67f7a419a16d49068e8a8e4ac1ad4350dd310eb3,private_project_package,table_lineage,present
legacy_classifier_risk_highconf_composition,generated_run_evidence,original path recorded in crosswalk/run_manifest,data/curated/v4_3/generated_runs/legacy_classifier_risk_highconf/20260411_hybrid_api_a_conf49_main_v1/legacy_classifier_risk_highconf_composition.docx,docx,a4181e65c84b9bfe93ea390d333b0c4cb85846b696b527400b20c28f4b783aa0,private_project_package,table_lineage,present
legacy_classifier_risk_highconf_composition,generated_run_evidence,original path recorded in crosswalk/run_manifest,data/curated/v4_3/generated_runs/legacy_classifier_risk_highconf/20260411_hybrid_api_a_conf49_main_v1/legacy_classifier_risk_highconf_composition.md,md,bb4350e8cb125a5854ab316d0aa74e800af5d5f1c79c8322345d2944cc491824,private_project_package,table_lineage,present
legacy_classifier_risk_highconf_composition_payload,generated_run_evidence,original path recorded in crosswalk/run_manifest,data/curated/v4_3/generated_runs/legacy_classifier_risk_highconf/20260411_hybrid_api_a_conf49_main_v1/legacy_classifier_risk_highconf_composition_payload.json,json,08eb144c6f173782edb095790fdc31734822800b94098abca6c79604bd2233ad,private_project_package,table_lineage,present
legacy_classifier_risk_highconf_mismatch,generated_run_evidence,original path recorded in crosswalk/run_manifest,data/curated/v4_3/generated_runs/legacy_classifier_risk_highconf/20260411_hybrid_api_a_conf49_main_v1/legacy_classifier_risk_highconf_mismatch.csv,csv,08d8b6e513fd5716d92fcaf728dcc074bb27bde9bb99d72bf6862b1000ccc871,private_project_package,table_lineage,present
legacy_classifier_risk_highconf_mismatch,generated_run_evidence,original path recorded in crosswalk/run_manifest,data/curated/v4_3/generated_runs/legacy_classifier_risk_highconf/20260411_hybrid_api_a_conf49_main_v1/legacy_classifier_risk_highconf_mismatch.docx,docx,7c842f0a948ab219de7ccc6a21b2b7367cb47ef925ee2ae9888e6d309747ac95,private_project_package,table_lineage,present
legacy_classifier_risk_highconf_mismatch,generated_run_evidence,original path recorded in crosswalk/run_manifest,data/curated/v4_3/generated_runs/legacy_classifier_risk_highconf/20260411_hybrid_api_a_conf49_main_v1/legacy_classifier_risk_highconf_mismatch.md,md,0bcd55a10e0b72d999f36fc5dff88b0d9e2a62cfe37236e32d31ac8d4b859728,private_project_package,table_lineage,present
legacy_classifier_risk_highconf_mismatch_payload,generated_run_evidence,original path recorded in crosswalk/run_manifest,data/curated/v4_3/generated_runs/legacy_classifier_risk_highconf/20260411_hybrid_api_a_conf49_main_v1/legacy_classifier_risk_highconf_mismatch_payload.json,json,e98cb514006354393361317fdede9cc7b070a05e2d12bcbfbd1971d3c1e8f83e,private_project_package,table_lineage,present
result_notes,generated_run_evidence,original path recorded in crosswalk/run_manifest,data/curated/v4_3/generated_runs/legacy_classifier_risk_highconf/20260411_hybrid_api_a_conf49_main_v1/result_notes.md,md,f158c60cc3f04a54287d694f93e068a9b7379fe633b642f1d2b05c90392afd5a,private_project_package,table_lineage,present
run_manifest,generated_run_evidence,original path recorded in crosswalk/run_manifest,data/curated/v4_3/generated_runs/legacy_classifier_risk_highconf/20260411_hybrid_api_a_conf49_main_v1/run_manifest.json,json,85e4ff072d56b363d455dc0a979c190077c1a430231ec23c0f606e28086c4f99,private_project_package,table_lineage,present
writer_packet,generated_run_evidence,original path recorded in crosswalk/run_manifest,data/curated/v4_3/generated_runs/legacy_classifier_risk_highconf/20260411_hybrid_api_a_conf49_main_v1/writer_packet.md,md,a1b3b0f8fb6e74babfc9c53c80bfc98da0dcc43185946cdcdcf54a48324c2417,private_project_package,table_lineage,present
dataset_summary,generated_run_evidence,original path recorded in crosswalk/run_manifest,data/curated/v4_3/generated_runs/legacy_r1_disclosure_volume/20260411_hybrid_api_a_conf49_main_v1/dataset_summary.json,json,9c533720d30995e36fb06d0e5432e3de940d10550128d2c1de86e9cc04d560e1,private_project_package,table_lineage,present
figure_main,generated_run_evidence,original path recorded in crosswalk/run_manifest,data/curated/v4_3/generated_runs/legacy_r1_disclosure_volume/20260411_hybrid_api_a_conf49_main_v1/figure_main.docx,docx,ada2f68e9fa3ad80979fff9e19cb51227fff7b743e01ea72ec6a0a9849ab8097,private_project_package,table_lineage,present
figure_main,generated_run_evidence,original path recorded in crosswalk/run_manifest,data/curated/v4_3/generated_runs/legacy_r1_disclosure_volume/20260411_hybrid_api_a_conf49_main_v1/figure_main.pdf,pdf,20757d2c12599c94f70848ded85248075c8214790512499576dc501f9b43bcb1,private_project_package,table_lineage,present
figure_main,generated_run_evidence,original path recorded in crosswalk/run_manifest,data/curated/v4_3/generated_runs/legacy_r1_disclosure_volume/20260411_hybrid_api_a_conf49_main_v1/figure_main.png,png,a2d3869a99165b5eabb7422ef1b2991ec4d562c9ecdaf6de5064f87e5ebecd41,private_project_package,table_lineage,present
figure_series,generated_run_evidence,original path recorded in crosswalk/run_manifest,data/curated/v4_3/generated_runs/legacy_r1_disclosure_volume/20260411_hybrid_api_a_conf49_main_v1/figure_series.csv,csv,82cdd155a1cb655073f99d59a8a5de21c1641367b858bea6df29fa3e05201a03,private_project_package,table_lineage,present
result_notes,generated_run_evidence,original path recorded in crosswalk/run_manifest,data/curated/v4_3/generated_runs/legacy_r1_disclosure_volume/20260411_hybrid_api_a_conf49_main_v1/result_notes.md,md,72ec64904ded97fc18828253fe0cea90e9359f9f526f84a7bcbc339eb12ac2cc,private_project_package,table_lineage,present
run_manifest,generated_run_evidence,original path recorded in crosswalk/run_manifest,data/curated/v4_3/generated_runs/legacy_r1_disclosure_volume/20260411_hybrid_api_a_conf49_main_v1/run_manifest.json,json,0b1cff61741de2642fdb71618b7578b5b2d2bc77815024f4f0a55686cfdae7b5,private_project_package,table_lineage,present
writer_packet,generated_run_evidence,original path recorded in crosswalk/run_manifest,data/curated/v4_3/generated_runs/legacy_r1_disclosure_volume/20260411_hybrid_api_a_conf49_main_v1/writer_packet.md,md,5f9e413928bab5119b666105952d92ada0ae1c26b2a4345d1a2a8a8d94728372,private_project_package,table_lineage,present
dataset_summary,generated_run_evidence,original path recorded in crosswalk/run_manifest,data/curated/v4_3/generated_runs/legacy_r1_summary_stats/20260412_hybrid_api_a_conf49_main_v2/dataset_summary.json,json,4eca55a3c95ceda04c4bd521660727c230351fcf2c818f33f5bc76745be91359,private_project_package,table_lineage,present
panel_a_coverage,generated_run_evidence,original path recorded in crosswalk/run_manifest,data/curated/v4_3/generated_runs/legacy_r1_summary_stats/20260412_hybrid_api_a_conf49_main_v2/panel_a_coverage.csv,csv,b7f91831485fe1c1d94e0a56fdda481b52f9ac6e4f314130533bcb207b3cfce0,private_project_package,table_lineage,present
panel_b_annual_summary,generated_run_evidence,original path recorded in crosswalk/run_manifest,data/curated/v4_3/generated_runs/legacy_r1_summary_stats/20260412_hybrid_api_a_conf49_main_v2/panel_b_annual_summary.csv,csv,d110f824f8bed606a053e7f9b19c3acf73fe3829ab927a022a950ea781b64e3e,private_project_package,table_lineage,present
panel_c_event_summary,generated_run_evidence,original path recorded in crosswalk/run_manifest,data/curated/v4_3/generated_runs/legacy_r1_summary_stats/20260412_hybrid_api_a_conf49_main_v2/panel_c_event_summary.csv,csv,5634b10ef10196941ba255338197b135d5b41a6d38436046faa45c6cbff53eb1,private_project_package,table_lineage,present
result_notes,generated_run_evidence,original path recorded in crosswalk/run_manifest,data/curated/v4_3/generated_runs/legacy_r1_summary_stats/20260412_hybrid_api_a_conf49_main_v2/result_notes.md,md,80006e57889f937b00a24535333b478695d8f209825c76051bdb4b04fd2a1f7a,private_project_package,table_lineage,present
run_manifest,generated_run_evidence,original path recorded in crosswalk/run_manifest,data/curated/v4_3/generated_runs/legacy_r1_summary_stats/20260412_hybrid_api_a_conf49_main_v2/run_manifest.json,json,9fe92fe44248518892f81b409ba6cc4ab7a0fccd94e9d3fda43c9c7dd2864ccc,private_project_package,table_lineage,present
table_main,generated_run_evidence,original path recorded in crosswalk/run_manifest,data/curated/v4_3/generated_runs/legacy_r1_summary_stats/20260412_hybrid_api_a_conf49_main_v2/table_main.csv,csv,93d27013b2fd9b397146d65e39ca188bc3388cd41f55429dc732575893a211b3,private_project_package,table_lineage,present
table_main,generated_run_evidence,original path recorded in crosswalk/run_manifest,data/curated/v4_3/generated_runs/legacy_r1_summary_stats/20260412_hybrid_api_a_conf49_main_v2/table_main.docx,docx,94d1e73c69248f1c39cda669104e33f89f1c893c942b3d9fb3ab7e0b33b90ca1,private_project_package,table_lineage,present
table_main,generated_run_evidence,original path recorded in crosswalk/run_manifest,data/curated/v4_3/generated_runs/legacy_r1_summary_stats/20260412_hybrid_api_a_conf49_main_v2/table_main.md,md,0b7351a4a1d504d6629b9a7ba5e85064937d7050c2486cd23c7ba753980ef8b0,private_project_package,table_lineage,present
table_main,generated_run_evidence,original path recorded in crosswalk/run_manifest,data/curated/v4_3/generated_runs/legacy_r1_summary_stats/20260412_hybrid_api_a_conf49_main_v2/table_main.tex,tex,eb8088d97cdaf8cdf1008788aa501d3697aa0c4cae6180efcbd20dc44ff98cf9,private_project_package,table_lineage,present
writer_packet,generated_run_evidence,original path recorded in crosswalk/run_manifest,data/curated/v4_3/generated_runs/legacy_r1_summary_stats/20260412_hybrid_api_a_conf49_main_v2/writer_packet.md,md,467e8b1b662a6a129e10de46dfdd586203be9117ee8bdc9b88ae8b9cbdf94031,private_project_package,table_lineage,present
dataset_summary,generated_run_evidence,original path recorded in crosswalk/run_manifest,data/curated/v4_3/generated_runs/legacy_r2_ai_focus_timing/20260411_hybrid_api_a_conf49_main_v1/dataset_summary.json,json,ae72112ca5ba5e75136be70ea20379df73f325933a915176a9c08fe3c2f0b6f2,private_project_package,table_lineage,present
result_notes,generated_run_evidence,original path recorded in crosswalk/run_manifest,data/curated/v4_3/generated_runs/legacy_r2_ai_focus_timing/20260411_hybrid_api_a_conf49_main_v1/result_notes.md,md,7d1a7ab83b2fe51cb60475eff2839f0605106c59fc56be3c5d6a525151a6f022,private_project_package,table_lineage,present
run_manifest,generated_run_evidence,original path recorded in crosswalk/run_manifest,data/curated/v4_3/generated_runs/legacy_r2_ai_focus_timing/20260411_hybrid_api_a_conf49_main_v1/run_manifest.json,json,1136b527c23f164ed8ae4904a0fd4b388b75329949683a8aea850818b77371cc,private_project_package,table_lineage,present
table_main,generated_run_evidence,original path recorded in crosswalk/run_manifest,data/curated/v4_3/generated_runs/legacy_r2_ai_focus_timing/20260411_hybrid_api_a_conf49_main_v1/table_main.csv,csv,184c8fd85a0855c999ec7ec8cea5b951efbdd4a572b30c55de53fc83d040295a,private_project_package,table_lineage,present
table_main,generated_run_evidence,original path recorded in crosswalk/run_manifest,data/curated/v4_3/generated_runs/legacy_r2_ai_focus_timing/20260411_hybrid_api_a_conf49_main_v1/table_main.docx,docx,dca74442f162442536e038b9a60ff83b770f42bcd3384b0184376b93d5a6e13c,private_project_package,table_lineage,present
table_main,generated_run_evidence,original path recorded in crosswalk/run_manifest,data/curated/v4_3/generated_runs/legacy_r2_ai_focus_timing/20260411_hybrid_api_a_conf49_main_v1/table_main.md,md,f169fdb2dc7fd5c1667fabe3d1279c69325dd125761f7f632a3d919322cfe7c8,private_project_package,table_lineage,present
table_payload,generated_run_evidence,original path recorded in crosswalk/run_manifest,data/curated/v4_3/generated_runs/legacy_r2_ai_focus_timing/20260411_hybrid_api_a_conf49_main_v1/table_payload.json,json,850bd696ea9c4b24ddbfd025060344082f8bf0fd2d74765ad60a59bedf71cc68,private_project_package,table_lineage,present
writer_packet,generated_run_evidence,original path recorded in crosswalk/run_manifest,data/curated/v4_3/generated_runs/legacy_r2_ai_focus_timing/20260411_hybrid_api_a_conf49_main_v1/writer_packet.md,md,56633259cbedf7a94c8e8faa7a1f254bf806c50d057796a038c38e075217734d,private_project_package,table_lineage,present
dataset_summary,generated_run_evidence,original path recorded in crosswalk/run_manifest,data/curated/v4_3/generated_runs/legacy_r4_actionable_patent_timing/20260411_hybrid_api_a_conf49_main_v1/dataset_summary.json,json,013b4ba31e78d957a3787acc6c04e25bd5cf537715a1b657ea42ba16487b505f,private_project_package,table_lineage,present
result_notes,generated_run_evidence,original path recorded in crosswalk/run_manifest,data/curated/v4_3/generated_runs/legacy_r4_actionable_patent_timing/20260411_hybrid_api_a_conf49_main_v1/result_notes.md,md,6736ba558f66e605272eb012cb6542ee2da4aea9a1330ff60283ba9bcce77fe6,private_project_package,table_lineage,present
run_manifest,generated_run_evidence,original path recorded in crosswalk/run_manifest,data/curated/v4_3/generated_runs/legacy_r4_actionable_patent_timing/20260411_hybrid_api_a_conf49_main_v1/run_manifest.json,json,8db2a55c8f34ba08b8601d129a261a6f5bef023a0b108d8441b89db570c1edfe,private_project_package,table_lineage,present
table_main,generated_run_evidence,original path recorded in crosswalk/run_manifest,data/curated/v4_3/generated_runs/legacy_r4_actionable_patent_timing/20260411_hybrid_api_a_conf49_main_v1/table_main.csv,csv,b5fa3ec2c5adfc401b128cf4f37ded663eb031f22b4b3e64aaa3fee6731634de,private_project_package,table_lineage,present
table_main,generated_run_evidence,original path recorded in crosswalk/run_manifest,data/curated/v4_3/generated_runs/legacy_r4_actionable_patent_timing/20260411_hybrid_api_a_conf49_main_v1/table_main.docx,docx,12730db6070cb471de50058133ba3764a97c36b87ac1fac339826ec2b1169a20,private_project_package,table_lineage,present
table_main,generated_run_evidence,original path recorded in crosswalk/run_manifest,data/curated/v4_3/generated_runs/legacy_r4_actionable_patent_timing/20260411_hybrid_api_a_conf49_main_v1/table_main.md,md,e5bb0e12dd5fe9e8b69b11e625a0fe7dfc7de4ced49363873efa0f1550fe7830,private_project_package,table_lineage,present
table_payload,generated_run_evidence,original path recorded in crosswalk/run_manifest,data/curated/v4_3/generated_runs/legacy_r4_actionable_patent_timing/20260411_hybrid_api_a_conf49_main_v1/table_payload.json,json,d213003139c912261a081d9a2f882e744fc5a6c1388e80f8aa9dff93c51a3504,private_project_package,table_lineage,present
writer_packet,generated_run_evidence,original path recorded in crosswalk/run_manifest,data/curated/v4_3/generated_runs/legacy_r4_actionable_patent_timing/20260411_hybrid_api_a_conf49_main_v1/writer_packet.md,md,080a8e80b16ccbf7771c286e40030e320a7916f7d411f43170f62d6ee2694bd7,private_project_package,table_lineage,present
dataset_summary,generated_run_evidence,original path recorded in crosswalk/run_manifest,data/curated/v4_3/generated_runs/legacy_r5_speculative_patent_timing/20260411_hybrid_api_a_conf49_main_v1/dataset_summary.json,json,3e4ebf9c5021c1e6e876d4ef685827c35d76a4b873414a41db45bb04fa2e8620,private_project_package,table_lineage,present
result_notes,generated_run_evidence,original path recorded in crosswalk/run_manifest,data/curated/v4_3/generated_runs/legacy_r5_speculative_patent_timing/20260411_hybrid_api_a_conf49_main_v1/result_notes.md,md,f42e3fdfd827def2a31f52628795110b28e332db807c6c37d6ae18415911781d,private_project_package,table_lineage,present
run_manifest,generated_run_evidence,original path recorded in crosswalk/run_manifest,data/curated/v4_3/generated_runs/legacy_r5_speculative_patent_timing/20260411_hybrid_api_a_conf49_main_v1/run_manifest.json,json,77bc9729ec66568d65f4c27e780f425e09b3e5c2ce83166d8697ec874f60898d,private_project_package,table_lineage,present
table_main,generated_run_evidence,original path recorded in crosswalk/run_manifest,data/curated/v4_3/generated_runs/legacy_r5_speculative_patent_timing/20260411_hybrid_api_a_conf49_main_v1/table_main.csv,csv,98386b4f7b060e0ce0f3db13ab0f8092b1631e983a54d5d1495acf69a763085c,private_project_package,table_lineage,present
table_main,generated_run_evidence,original path recorded in crosswalk/run_manifest,data/curated/v4_3/generated_runs/legacy_r5_speculative_patent_timing/20260411_hybrid_api_a_conf49_main_v1/table_main.docx,docx,1135eadd29a81b7c19e3a5d0c8af94ffc35ea08dfccea00e078324618fbfe34d,private_project_package,table_lineage,present
table_main,generated_run_evidence,original path recorded in crosswalk/run_manifest,data/curated/v4_3/generated_runs/legacy_r5_speculative_patent_timing/20260411_hybrid_api_a_conf49_main_v1/table_main.md,md,42c5ce8f6ec81597b0c2891fc3cce1718ce3d4fe0a79864d1263b06dfc070259,private_project_package,table_lineage,present
table_payload,generated_run_evidence,original path recorded in crosswalk/run_manifest,data/curated/v4_3/generated_runs/legacy_r5_speculative_patent_timing/20260411_hybrid_api_a_conf49_main_v1/table_payload.json,json,a6e371dde797385442ab59f757ddfd0a0d35af55d1776734f547b5875dd9edcc,private_project_package,table_lineage,present
writer_packet,generated_run_evidence,original path recorded in crosswalk/run_manifest,data/curated/v4_3/generated_runs/legacy_r5_speculative_patent_timing/20260411_hybrid_api_a_conf49_main_v1/writer_packet.md,md,b74f50751e2c1183a4310713093f170f71dbb2dcbde824f6272bf16efd307767,private_project_package,table_lineage,present
dataset_summary,generated_run_evidence,original path recorded in crosswalk/run_manifest,data/curated/v4_3/generated_runs/legacy_r7_as_mismatch_tplus2/20260411_hybrid_api_a_conf49_main_v1/dataset_summary.json,json,abe965259f8602b61947bd859cc2c17164ae824f290950f26d8e000815b23dd8,private_project_package,table_lineage,present
result_notes,generated_run_evidence,original path recorded in crosswalk/run_manifest,data/curated/v4_3/generated_runs/legacy_r7_as_mismatch_tplus2/20260411_hybrid_api_a_conf49_main_v1/result_notes.md,md,650beb5e641feff0c4d417bef8afe44e615475c1546c19313afc51cb62d217f7,private_project_package,table_lineage,present
run_manifest,generated_run_evidence,original path recorded in crosswalk/run_manifest,data/curated/v4_3/generated_runs/legacy_r7_as_mismatch_tplus2/20260411_hybrid_api_a_conf49_main_v1/run_manifest.json,json,420a440bda7f019990d45ecbb862452c6af10b60070fbcb0b0f29e57a00047a4,private_project_package,table_lineage,present
table_main,generated_run_evidence,original path recorded in crosswalk/run_manifest,data/curated/v4_3/generated_runs/legacy_r7_as_mismatch_tplus2/20260411_hybrid_api_a_conf49_main_v1/table_main.csv,csv,214dd04d44d561a7cc750408f420341e18c146cb324520ef935a03b2b36e87a2,private_project_package,table_lineage,present
table_main,generated_run_evidence,original path recorded in crosswalk/run_manifest,data/curated/v4_3/generated_runs/legacy_r7_as_mismatch_tplus2/20260411_hybrid_api_a_conf49_main_v1/table_main.docx,docx,bc3e1c5c55b023e35adc9e1e3a1ce86538931221aaf0f1b759381564b8cdf311,private_project_package,table_lineage,present
table_main,generated_run_evidence,original path recorded in crosswalk/run_manifest,data/curated/v4_3/generated_runs/legacy_r7_as_mismatch_tplus2/20260411_hybrid_api_a_conf49_main_v1/table_main.md,md,15e9452113fce5603538ee616d07780df1cdd66d3f7dbc0eb0c95653be3b4788,private_project_package,table_lineage,present
table_payload,generated_run_evidence,original path recorded in crosswalk/run_manifest,data/curated/v4_3/generated_runs/legacy_r7_as_mismatch_tplus2/20260411_hybrid_api_a_conf49_main_v1/table_payload.json,json,31ee83e40566901c38e40ddc5a7b3fe32f247eb8ace73e6759760901b6a4755f,private_project_package,table_lineage,present
writer_packet,generated_run_evidence,original path recorded in crosswalk/run_manifest,data/curated/v4_3/generated_runs/legacy_r7_as_mismatch_tplus2/20260411_hybrid_api_a_conf49_main_v1/writer_packet.md,md,3d35c1a4a9f80d0d7ec2b98b8efea484cf03ef1f23620e2eec590b55317941a3,private_project_package,table_lineage,present
dataset_summary,generated_run_evidence,original path recorded in crosswalk/run_manifest,data/curated/v4_3/generated_runs/legacy_r8_mismatch_determinants_reduced/20260411_hybrid_api_a_conf49_main_v1/dataset_summary.json,json,9699746c6623d8068f9629e86ef9c8bd0687ef51880f8bc110721d438118f3c9,private_project_package,table_lineage,present
result_notes,generated_run_evidence,original path recorded in crosswalk/run_manifest,data/curated/v4_3/generated_runs/legacy_r8_mismatch_determinants_reduced/20260411_hybrid_api_a_conf49_main_v1/result_notes.md,md,7a773c0ff3e6425dfb077e807efbe10a6e8b8cc0e4a73892a9ebde873b77845b,private_project_package,table_lineage,present
run_manifest,generated_run_evidence,original path recorded in crosswalk/run_manifest,data/curated/v4_3/generated_runs/legacy_r8_mismatch_determinants_reduced/20260411_hybrid_api_a_conf49_main_v1/run_manifest.json,json,d1e8b477d551c20da11c5e3a528eecff93bba504bc47c01b26a7912c49a989de,private_project_package,table_lineage,present
table_main,generated_run_evidence,original path recorded in crosswalk/run_manifest,data/curated/v4_3/generated_runs/legacy_r8_mismatch_determinants_reduced/20260411_hybrid_api_a_conf49_main_v1/table_main.csv,csv,5bc25051134f00fb89455cf05c5b2fc7989069dfbeaa71f37315fd1b6df72915,private_project_package,table_lineage,present
table_main,generated_run_evidence,original path recorded in crosswalk/run_manifest,data/curated/v4_3/generated_runs/legacy_r8_mismatch_determinants_reduced/20260411_hybrid_api_a_conf49_main_v1/table_main.docx,docx,64199239f64397988ecd6dd2594a6d6017f19dca601560c56489ccc6c5c9e0d9,private_project_package,table_lineage,present
table_main,generated_run_evidence,original path recorded in crosswalk/run_manifest,data/curated/v4_3/generated_runs/legacy_r8_mismatch_determinants_reduced/20260411_hybrid_api_a_conf49_main_v1/table_main.md,md,bde0c7b372977a2f137f8ca9331df2501c2578ff22a4f7146c2c80e9c68a375d,private_project_package,table_lineage,present
table_payload,generated_run_evidence,original path recorded in crosswalk/run_manifest,data/curated/v4_3/generated_runs/legacy_r8_mismatch_determinants_reduced/20260411_hybrid_api_a_conf49_main_v1/table_payload.json,json,e909715c98782b276d0487c1f6822241d05f9a33d6f32b018600d2c87275b0a9,private_project_package,table_lineage,present
writer_packet,generated_run_evidence,original path recorded in crosswalk/run_manifest,data/curated/v4_3/generated_runs/legacy_r8_mismatch_determinants_reduced/20260411_hybrid_api_a_conf49_main_v1/writer_packet.md,md,bed32ab444749a8ea1489e28b37e14168d463521684304ba1718377f5df4ea90,private_project_package,table_lineage,present
dataset_summary,generated_run_evidence,original path recorded in crosswalk/run_manifest,data/curated/v4_3/generated_runs/test_05_size_heterogeneity/20260411_hybrid_api_a_conf49_main_v1/dataset_summary.json,json,5e0f9ce36bfe8827eaadcbbdc6940e17da4929e535db3b798466e9d4e9e79c26,private_project_package,table_lineage,present
figure_main,generated_run_evidence,original path recorded in crosswalk/run_manifest,data/curated/v4_3/generated_runs/test_05_size_heterogeneity/20260411_hybrid_api_a_conf49_main_v1/figure_main.pdf,pdf,adaa33f7d36a31a24f12683ef8eb97bb8f415a0cf41f47ba2096caba947dcf3c,private_project_package,table_lineage,present
figure_main,generated_run_evidence,original path recorded in crosswalk/run_manifest,data/curated/v4_3/generated_runs/test_05_size_heterogeneity/20260411_hybrid_api_a_conf49_main_v1/figure_main.png,png,5c877f7094c21d7330fcaa2c5d2a97031ae5493f88e22c00be1a7c80de4ac2b2,private_project_package,table_lineage,present
figure_series,generated_run_evidence,original path recorded in crosswalk/run_manifest,data/curated/v4_3/generated_runs/test_05_size_heterogeneity/20260411_hybrid_api_a_conf49_main_v1/figure_series.csv,csv,fccf039449415f8351ff9676aaeffc573997943ca7fb8b3d0193128766f9a695,private_project_package,table_lineage,present
result_notes,generated_run_evidence,original path recorded in crosswalk/run_manifest,data/curated/v4_3/generated_runs/test_05_size_heterogeneity/20260411_hybrid_api_a_conf49_main_v1/result_notes.md,md,2cbb06a93e4359420eff350d42d24f7cf8a25a26d8f610b0c6057677487bcc1e,private_project_package,table_lineage,present
run_manifest,generated_run_evidence,original path recorded in crosswalk/run_manifest,data/curated/v4_3/generated_runs/test_05_size_heterogeneity/20260411_hybrid_api_a_conf49_main_v1/run_manifest.json,json,3be747d73e447f0441b4dbf047b155e0fa29d1d2cbd332a34998201da21f4674,private_project_package,table_lineage,present
table_main,generated_run_evidence,original path recorded in crosswalk/run_manifest,data/curated/v4_3/generated_runs/test_05_size_heterogeneity/20260411_hybrid_api_a_conf49_main_v1/table_main.csv,csv,f7d5a755434678c94fd0ab82ae0cf5645db8a10a23799c4f3deb2a6bdb2c6749,private_project_package,table_lineage,present
table_main,generated_run_evidence,original path recorded in crosswalk/run_manifest,data/curated/v4_3/generated_runs/test_05_size_heterogeneity/20260411_hybrid_api_a_conf49_main_v1/table_main.docx,docx,8fe038a684913fc3360efafb4acc846ada8ff3d618479add00e1dc643c5317a1,private_project_package,table_lineage,present
table_main,generated_run_evidence,original path recorded in crosswalk/run_manifest,data/curated/v4_3/generated_runs/test_05_size_heterogeneity/20260411_hybrid_api_a_conf49_main_v1/table_main.md,md,f039a43e531097eab889ad68da8c8ba14e863057e424be63b01d00424ffcba9a,private_project_package,table_lineage,present
table_main,generated_run_evidence,original path recorded in crosswalk/run_manifest,data/curated/v4_3/generated_runs/test_05_size_heterogeneity/20260411_hybrid_api_a_conf49_main_v1/table_main.tex,tex,e5a6ad629bb2adebd5d69937cc033bffdc1ef057dbe1a4cc0ddde5bd574a774c,private_project_package,table_lineage,present
writer_packet,generated_run_evidence,original path recorded in crosswalk/run_manifest,data/curated/v4_3/generated_runs/test_05_size_heterogeneity/20260411_hybrid_api_a_conf49_main_v1/writer_packet.md,md,8738e6997ee681e32341b3b441c9ac2d84e3c94336f674c2ac8f37c7429480ce,private_project_package,table_lineage,present
dataset_summary,generated_run_evidence,original path recorded in crosswalk/run_manifest,data/curated/v4_3/generated_runs/test_09_factor_adjusted_alpha/20260422_aiw_v3_1_test_09_factor_adjusted_alpha_main_v1/dataset_summary.json,json,ac243abf4b5fb95989c667ab27d34fbb2f813eeac5d5a99b745063c7e28323b3,private_project_package,table_lineage,present
figure_main,generated_run_evidence,original path recorded in crosswalk/run_manifest,data/curated/v4_3/generated_runs/test_09_factor_adjusted_alpha/20260422_aiw_v3_1_test_09_factor_adjusted_alpha_main_v1/figure_main.pdf,pdf,e5777d291142ad50a59e8cd24cc9509b9f31e5494a711c5c0ba9066bdb98eed7,private_project_package,table_lineage,present
figure_main,generated_run_evidence,original path recorded in crosswalk/run_manifest,data/curated/v4_3/generated_runs/test_09_factor_adjusted_alpha/20260422_aiw_v3_1_test_09_factor_adjusted_alpha_main_v1/figure_main.png,png,12404f8296dbd8f422caec79a2bad285f3e9aae6ae514a5a92c8961a39632f85,private_project_package,table_lineage,present
figure_series,generated_run_evidence,original path recorded in crosswalk/run_manifest,data/curated/v4_3/generated_runs/test_09_factor_adjusted_alpha/20260422_aiw_v3_1_test_09_factor_adjusted_alpha_main_v1/figure_series.csv,csv,261bfaf6488e26c6175f2b55f3c074852da47b7caa7559c72fb50e2303baed9c,private_project_package,table_lineage,present
result_notes,generated_run_evidence,original path recorded in crosswalk/run_manifest,data/curated/v4_3/generated_runs/test_09_factor_adjusted_alpha/20260422_aiw_v3_1_test_09_factor_adjusted_alpha_main_v1/result_notes.md,md,235238497331d917fc5b18c48bb6d1bef4fd94bb3fe483a733fa90db49a96764,private_project_package,table_lineage,present
run_manifest,generated_run_evidence,original path recorded in crosswalk/run_manifest,data/curated/v4_3/generated_runs/test_09_factor_adjusted_alpha/20260422_aiw_v3_1_test_09_factor_adjusted_alpha_main_v1/run_manifest.json,json,1f72c34c135d4a14b6926aa1177d714490abc5cb81c05beb18f21435723bef93,private_project_package,table_lineage,present
table_main,generated_run_evidence,original path recorded in crosswalk/run_manifest,data/curated/v4_3/generated_runs/test_09_factor_adjusted_alpha/20260422_aiw_v3_1_test_09_factor_adjusted_alpha_main_v1/table_main.csv,csv,ef8fc20e8e17f58c2687084aee4aaab9c4ccfc96e1b271bc23891a7e8be16a84,private_project_package,table_lineage,present
table_main,generated_run_evidence,original path recorded in crosswalk/run_manifest,data/curated/v4_3/generated_runs/test_09_factor_adjusted_alpha/20260422_aiw_v3_1_test_09_factor_adjusted_alpha_main_v1/table_main.docx,docx,61e7a24bf9129ee0b2113e71072061ee66c5fa4b04021dafa897f482165a8905,private_project_package,table_lineage,present
table_main,generated_run_evidence,original path recorded in crosswalk/run_manifest,data/curated/v4_3/generated_runs/test_09_factor_adjusted_alpha/20260422_aiw_v3_1_test_09_factor_adjusted_alpha_main_v1/table_main.md,md,72b1a4ea7507e24413844ed839e3488be8a67f562ffbbec39ed2930a838cfcac,private_project_package,table_lineage,present
table_main,generated_run_evidence,original path recorded in crosswalk/run_manifest,data/curated/v4_3/generated_runs/test_09_factor_adjusted_alpha/20260422_aiw_v3_1_test_09_factor_adjusted_alpha_main_v1/table_main.tex,tex,c0f6f3bce549dd20272d416d3d21d5fc8d4c6713f71ec07e9cbea9842d832b02,private_project_package,table_lineage,present
writer_packet,generated_run_evidence,original path recorded in crosswalk/run_manifest,data/curated/v4_3/generated_runs/test_09_factor_adjusted_alpha/20260422_aiw_v3_1_test_09_factor_adjusted_alpha_main_v1/writer_packet.md,md,9964b7fdd149f6130251f227d43aaf6d38f211acd7ffe6c1322bf889de64f4d3,private_project_package,table_lineage,present
dataset_summary,generated_run_evidence,original path recorded in crosswalk/run_manifest,data/curated/v4_3/generated_runs/test_12_predictive_return_controls/20260422_aiw_v3_1_test_12_predictive_return_controls_main_v1/dataset_summary.json,json,926834affacb94ad9902c31b2d4aba96622e3e31fb8c5d66a1301e614cb267d2,private_project_package,table_lineage,present
result_notes,generated_run_evidence,original path recorded in crosswalk/run_manifest,data/curated/v4_3/generated_runs/test_12_predictive_return_controls/20260422_aiw_v3_1_test_12_predictive_return_controls_main_v1/result_notes.md,md,ff9168dba5715646c333d80886827851715ff60e3b021e7834a9db1816500b50,private_project_package,table_lineage,present
run_manifest,generated_run_evidence,original path recorded in crosswalk/run_manifest,data/curated/v4_3/generated_runs/test_12_predictive_return_controls/20260422_aiw_v3_1_test_12_predictive_return_controls_main_v1/run_manifest.json,json,87f52e78f841d374736ed8bd0a1a548d4e362eecea10fd695702cf2e19ebe427,private_project_package,table_lineage,present
table_main,generated_run_evidence,original path recorded in crosswalk/run_manifest,data/curated/v4_3/generated_runs/test_12_predictive_return_controls/20260422_aiw_v3_1_test_12_predictive_return_controls_main_v1/table_main.csv,csv,bb4d3f7323517372a41e5799feb8f21c148acd1b0a4ec967362b7a77ab68191b,private_project_package,table_lineage,present
table_main,generated_run_evidence,original path recorded in crosswalk/run_manifest,data/curated/v4_3/generated_runs/test_12_predictive_return_controls/20260422_aiw_v3_1_test_12_predictive_return_controls_main_v1/table_main.docx,docx,03e343d8f9c5c452867aeb3113b971e1ddee2ac1f8957d5a00ade77530769b57,private_project_package,table_lineage,present
table_main,generated_run_evidence,original path recorded in crosswalk/run_manifest,data/curated/v4_3/generated_runs/test_12_predictive_return_controls/20260422_aiw_v3_1_test_12_predictive_return_controls_main_v1/table_main.md,md,8ddb8b8c164e9ada02955e68afe8d8569d8ab0b9d9fd10779b9498ad0154f43e,private_project_package,table_lineage,present
table_main,generated_run_evidence,original path recorded in crosswalk/run_manifest,data/curated/v4_3/generated_runs/test_12_predictive_return_controls/20260422_aiw_v3_1_test_12_predictive_return_controls_main_v1/table_main.tex,tex,da62f59c1ef7d30ab82f7c00d0bac4fcc82643c9ebc50b76849342e19f181a1b,private_project_package,table_lineage,present
writer_packet,generated_run_evidence,original path recorded in crosswalk/run_manifest,data/curated/v4_3/generated_runs/test_12_predictive_return_controls/20260422_aiw_v3_1_test_12_predictive_return_controls_main_v1/writer_packet.md,md,9be1504c302af22c463e0dfa189c0ae2f69de9d69a3c4e474514351f2d9c9ca6,private_project_package,table_lineage,present
dataset_summary,generated_run_evidence,original path recorded in crosswalk/run_manifest,data/curated/v4_3/generated_runs/test_13_pre_post_event_path/20260422_aiw_v3_1_test_13_pre_post_event_path_main_v1/dataset_summary.json,json,20e46ec60c569abce48fdfee33af3c1e56a5a6482ffd909cac3f087b6250af01,private_project_package,table_lineage,present
figure_series,generated_run_evidence,original path recorded in crosswalk/run_manifest,data/curated/v4_3/generated_runs/test_13_pre_post_event_path/20260422_aiw_v3_1_test_13_pre_post_event_path_main_v1/figure_series.csv,csv,1d7d4b4b1fa6d7af1cd6953d010cd0ddb2c82dbfcb141eb33af50d388dff8b2e,private_project_package,table_lineage,present
main_figure,generated_run_evidence,original path recorded in crosswalk/run_manifest,data/curated/v4_3/generated_runs/test_13_pre_post_event_path/20260422_aiw_v3_1_test_13_pre_post_event_path_main_v1/main_figure.pdf,pdf,d5dfae221703c5069660aa44d3e35be1ab8edb44ae349c1a018559bc0f61e4dd,private_project_package,table_lineage,present
main_figure,generated_run_evidence,original path recorded in crosswalk/run_manifest,data/curated/v4_3/generated_runs/test_13_pre_post_event_path/20260422_aiw_v3_1_test_13_pre_post_event_path_main_v1/main_figure.png,png,eae71b59f11321f9de9dd205105d328428815920db509b92990490c1e9a8eae8,private_project_package,table_lineage,present
result_notes,generated_run_evidence,original path recorded in crosswalk/run_manifest,data/curated/v4_3/generated_runs/test_13_pre_post_event_path/20260422_aiw_v3_1_test_13_pre_post_event_path_main_v1/result_notes.md,md,51ed42f6512e6e2a082f5bbbe1db3ccfb99c27667fa361d1da6faca35eac755b,private_project_package,table_lineage,present
run_manifest,generated_run_evidence,original path recorded in crosswalk/run_manifest,data/curated/v4_3/generated_runs/test_13_pre_post_event_path/20260422_aiw_v3_1_test_13_pre_post_event_path_main_v1/run_manifest.json,json,ca07d9cb7755e787ebd892af9832023b994e629c4925d003cefb60635b35bff4,private_project_package,table_lineage,present
table_main,generated_run_evidence,original path recorded in crosswalk/run_manifest,data/curated/v4_3/generated_runs/test_13_pre_post_event_path/20260422_aiw_v3_1_test_13_pre_post_event_path_main_v1/table_main.csv,csv,e87f016ac9042c1e9ba0bc8a1f1ed7f8f59142d55d2db5a6305fd7d24422e943,private_project_package,table_lineage,present
table_main,generated_run_evidence,original path recorded in crosswalk/run_manifest,data/curated/v4_3/generated_runs/test_13_pre_post_event_path/20260422_aiw_v3_1_test_13_pre_post_event_path_main_v1/table_main.docx,docx,7ddb3e4866bd38c5a987045078038e9d91efa97334c5d6b4b5f9ef41e08de382,private_project_package,table_lineage,present
table_main,generated_run_evidence,original path recorded in crosswalk/run_manifest,data/curated/v4_3/generated_runs/test_13_pre_post_event_path/20260422_aiw_v3_1_test_13_pre_post_event_path_main_v1/table_main.md,md,289041601f3faf111305c0b5d3e1f67bc58b9a5d83e62256cbcd3deb09a0f7b6,private_project_package,table_lineage,present
table_main,generated_run_evidence,original path recorded in crosswalk/run_manifest,data/curated/v4_3/generated_runs/test_13_pre_post_event_path/20260422_aiw_v3_1_test_13_pre_post_event_path_main_v1/table_main.tex,tex,c2bcdb1d0e0a8972fe2131fc5eb92a7e5558055e9bed1eb04688e9ead99bd40d,private_project_package,table_lineage,present
writer_packet,generated_run_evidence,original path recorded in crosswalk/run_manifest,data/curated/v4_3/generated_runs/test_13_pre_post_event_path/20260422_aiw_v3_1_test_13_pre_post_event_path_main_v1/writer_packet.md,md,df10b3845835403fa91f56b4e49df0beeb533e46f4031c9a43435dbff6c1c08f,private_project_package,table_lineage,present
dataset_summary,generated_run_evidence,original path recorded in crosswalk/run_manifest,data/curated/v4_3/generated_runs/test_15_matched_ai_talking_sample/20260422_aiw_v3_1_test_15_matched_ai_talking_sample_main_v1/dataset_summary.json,json,969bf8fd2e8239a9f23e8a28669e151a90b671821cd49d7d0509e6b09d349128,private_project_package,table_lineage,present
figure_series,generated_run_evidence,original path recorded in crosswalk/run_manifest,data/curated/v4_3/generated_runs/test_15_matched_ai_talking_sample/20260422_aiw_v3_1_test_15_matched_ai_talking_sample_main_v1/figure_series.csv,csv,e13c46be870503fcc26af21b3d150e609d60e7ef58400d9945dabf5321f2567a,private_project_package,table_lineage,present
main_figure,generated_run_evidence,original path recorded in crosswalk/run_manifest,data/curated/v4_3/generated_runs/test_15_matched_ai_talking_sample/20260422_aiw_v3_1_test_15_matched_ai_talking_sample_main_v1/main_figure.pdf,pdf,5a4f262ae1c5faee18c90a05ee13bf1fda34a46dd46f3e006989809be1dbd7af,private_project_package,table_lineage,present
main_figure,generated_run_evidence,original path recorded in crosswalk/run_manifest,data/curated/v4_3/generated_runs/test_15_matched_ai_talking_sample/20260422_aiw_v3_1_test_15_matched_ai_talking_sample_main_v1/main_figure.png,png,9be1e6c7809937b1e04a65fd9f290d52c478ee08daf199ef87450cb7aed8d7ee,private_project_package,table_lineage,present
result_notes,generated_run_evidence,original path recorded in crosswalk/run_manifest,data/curated/v4_3/generated_runs/test_15_matched_ai_talking_sample/20260422_aiw_v3_1_test_15_matched_ai_talking_sample_main_v1/result_notes.md,md,66c6fd5f4b8b7574fb103a8ef164c7f392f58542a85dab2ba3c1c579d494cb07,private_project_package,table_lineage,present
run_manifest,generated_run_evidence,original path recorded in crosswalk/run_manifest,data/curated/v4_3/generated_runs/test_15_matched_ai_talking_sample/20260422_aiw_v3_1_test_15_matched_ai_talking_sample_main_v1/run_manifest.json,json,d76d30193b4de93221cd8366c7a7dd1b5159ee775f4d0180aa509cb22ec03a54,private_project_package,table_lineage,present
table_main,generated_run_evidence,original path recorded in crosswalk/run_manifest,data/curated/v4_3/generated_runs/test_15_matched_ai_talking_sample/20260422_aiw_v3_1_test_15_matched_ai_talking_sample_main_v1/table_main.csv,csv,17b29b7d630dfd0bf18ef1720fec58b167e1d20f910769bcddea58d652a596c8,private_project_package,table_lineage,present
table_main,generated_run_evidence,original path recorded in crosswalk/run_manifest,data/curated/v4_3/generated_runs/test_15_matched_ai_talking_sample/20260422_aiw_v3_1_test_15_matched_ai_talking_sample_main_v1/table_main.docx,docx,275c8769c99d2917e82128c5df494fe3f048d194ba417257f89b4d4587bf3acf,private_project_package,table_lineage,present
table_main,generated_run_evidence,original path recorded in crosswalk/run_manifest,data/curated/v4_3/generated_runs/test_15_matched_ai_talking_sample/20260422_aiw_v3_1_test_15_matched_ai_talking_sample_main_v1/table_main.md,md,1d4335a312e38c8a38d99c29d1cfc016cf6120ed44a98de7fda52fcb66e01d8f,private_project_package,table_lineage,present
table_main,generated_run_evidence,original path recorded in crosswalk/run_manifest,data/curated/v4_3/generated_runs/test_15_matched_ai_talking_sample/20260422_aiw_v3_1_test_15_matched_ai_talking_sample_main_v1/table_main.tex,tex,f32f88736e030db0e661328881e879255144e7a3a7e8700eeb0f07b3193342d8,private_project_package,table_lineage,present
writer_packet,generated_run_evidence,original path recorded in crosswalk/run_manifest,data/curated/v4_3/generated_runs/test_15_matched_ai_talking_sample/20260422_aiw_v3_1_test_15_matched_ai_talking_sample_main_v1/writer_packet.md,md,905856db29c3a9c4a277352f8b4739c02f068beb997ace0b27a5c968ec8e4571,private_project_package,table_lineage,present
dataset_summary,generated_run_evidence,original path recorded in crosswalk/run_manifest,data/curated/v4_3/generated_runs/test_16_construct_variant_screen/20260422_aiw_v3_1_test_16_construct_variant_screen_main_v1/dataset_summary.json,json,b3e5f28ab7b1b6fc84ff6372d701d3970e40a8a0a71e6dad74fe091d6122cc1e,private_project_package,table_lineage,present
figure_main,generated_run_evidence,original path recorded in crosswalk/run_manifest,data/curated/v4_3/generated_runs/test_16_construct_variant_screen/20260422_aiw_v3_1_test_16_construct_variant_screen_main_v1/figure_main.pdf,pdf,174d11a7c583b57a0104a2699f19026b5a755965d15173db0d20993a669d9982,private_project_package,table_lineage,present
figure_main,generated_run_evidence,original path recorded in crosswalk/run_manifest,data/curated/v4_3/generated_runs/test_16_construct_variant_screen/20260422_aiw_v3_1_test_16_construct_variant_screen_main_v1/figure_main.png,png,35f13c157f6520ebc29b59d5a438c0c56412c0c3409b4717c3bc1a0d5741290e,private_project_package,table_lineage,present
figure_series,generated_run_evidence,original path recorded in crosswalk/run_manifest,data/curated/v4_3/generated_runs/test_16_construct_variant_screen/20260422_aiw_v3_1_test_16_construct_variant_screen_main_v1/figure_series.csv,csv,06c1089cd56f36c322751f9f60ee7fa92abaf7f5600aec7684ceb7650fc50405,private_project_package,table_lineage,present
result_notes,generated_run_evidence,original path recorded in crosswalk/run_manifest,data/curated/v4_3/generated_runs/test_16_construct_variant_screen/20260422_aiw_v3_1_test_16_construct_variant_screen_main_v1/result_notes.md,md,22fc79ccd53034517a9e73341878fccdb75e929d6d75f6b8861e3a5bd55681b1,private_project_package,table_lineage,present
run_manifest,generated_run_evidence,original path recorded in crosswalk/run_manifest,data/curated/v4_3/generated_runs/test_16_construct_variant_screen/20260422_aiw_v3_1_test_16_construct_variant_screen_main_v1/run_manifest.json,json,b0cac93b49ff533d0efba2e926b03967d566b6c1d00ce0100e98b6c2c11c5ff8,private_project_package,table_lineage,present
table_main,generated_run_evidence,original path recorded in crosswalk/run_manifest,data/curated/v4_3/generated_runs/test_16_construct_variant_screen/20260422_aiw_v3_1_test_16_construct_variant_screen_main_v1/table_main.csv,csv,4a8a77e6528196c9dd62a01d096157185ab84370f25b253f49314ec2d79c7d29,private_project_package,table_lineage,present
table_main,generated_run_evidence,original path recorded in crosswalk/run_manifest,data/curated/v4_3/generated_runs/test_16_construct_variant_screen/20260422_aiw_v3_1_test_16_construct_variant_screen_main_v1/table_main.docx,docx,ddfe93bbd5a2fa6f294d8ca1f66e9fda943df2e3f71dcc5dc793b874cad63315,private_project_package,table_lineage,present
table_main,generated_run_evidence,original path recorded in crosswalk/run_manifest,data/curated/v4_3/generated_runs/test_16_construct_variant_screen/20260422_aiw_v3_1_test_16_construct_variant_screen_main_v1/table_main.md,md,5c089696ed53ac20545c48c5e354d0ab605af001ff85dd3bb8753a151e02d893,private_project_package,table_lineage,present
table_main,generated_run_evidence,original path recorded in crosswalk/run_manifest,data/curated/v4_3/generated_runs/test_16_construct_variant_screen/20260422_aiw_v3_1_test_16_construct_variant_screen_main_v1/table_main.tex,tex,ddb29a1ed3c08b39837bce513573af7e23c590cf2774ebb4e3904a4169e7ccb4,private_project_package,table_lineage,present
writer_packet,generated_run_evidence,original path recorded in crosswalk/run_manifest,data/curated/v4_3/generated_runs/test_16_construct_variant_screen/20260422_aiw_v3_1_test_16_construct_variant_screen_main_v1/writer_packet.md,md,fb7263a978589d10fc5fd43b3f8962a554b526cc41436d7e60e08fbba801ba60,private_project_package,table_lineage,present
dataset_summary,generated_run_evidence,original path recorded in crosswalk/run_manifest,data/curated/v4_3/generated_runs/test_17_real_outcome_dynamics/20260422_aiw_v3_1_test_17_real_outcome_dynamics_main_v1/dataset_summary.json,json,d78d4b13bf3f65a925dd1dadec079c6b70fa5a6335a90c8534a61ab866aa77c7,private_project_package,table_lineage,present
figure_main,generated_run_evidence,original path recorded in crosswalk/run_manifest,data/curated/v4_3/generated_runs/test_17_real_outcome_dynamics/20260422_aiw_v3_1_test_17_real_outcome_dynamics_main_v1/figure_main.pdf,pdf,c7b9bec87ac1ac6aad57d84c405bc78efc6a911b0faed352ffb1924f5691c2b2,private_project_package,table_lineage,present
figure_main,generated_run_evidence,original path recorded in crosswalk/run_manifest,data/curated/v4_3/generated_runs/test_17_real_outcome_dynamics/20260422_aiw_v3_1_test_17_real_outcome_dynamics_main_v1/figure_main.png,png,e61e08f1bb281fdf0f87271b04d1866606971b855f9eaf4915e39890ed340689,private_project_package,table_lineage,present
figure_series,generated_run_evidence,original path recorded in crosswalk/run_manifest,data/curated/v4_3/generated_runs/test_17_real_outcome_dynamics/20260422_aiw_v3_1_test_17_real_outcome_dynamics_main_v1/figure_series.csv,csv,9dfc22b8dc4ed85ed363f332a4fd698f539e8bc3096d733d4ba510540c25097b,private_project_package,table_lineage,present
result_notes,generated_run_evidence,original path recorded in crosswalk/run_manifest,data/curated/v4_3/generated_runs/test_17_real_outcome_dynamics/20260422_aiw_v3_1_test_17_real_outcome_dynamics_main_v1/result_notes.md,md,37f753f2336a22681ca1d5dc734699ae4df166e3ce2f8549fc97357aa131044d,private_project_package,table_lineage,present
run_manifest,generated_run_evidence,original path recorded in crosswalk/run_manifest,data/curated/v4_3/generated_runs/test_17_real_outcome_dynamics/20260422_aiw_v3_1_test_17_real_outcome_dynamics_main_v1/run_manifest.json,json,b33f50cda264f4a11ea4524673bef73a37198df4823ecc0f7dbeab99c06d4071,private_project_package,table_lineage,present
table_main,generated_run_evidence,original path recorded in crosswalk/run_manifest,data/curated/v4_3/generated_runs/test_17_real_outcome_dynamics/20260422_aiw_v3_1_test_17_real_outcome_dynamics_main_v1/table_main.csv,csv,d2e56d7bacd6b3485880a32ef0c0e8877c96428d24041476df0508fecc0841a6,private_project_package,table_lineage,present
table_main,generated_run_evidence,original path recorded in crosswalk/run_manifest,data/curated/v4_3/generated_runs/test_17_real_outcome_dynamics/20260422_aiw_v3_1_test_17_real_outcome_dynamics_main_v1/table_main.docx,docx,e4269edf9398aa469f7bf4f1c335c54800934d8003135815fad9f371e1855753,private_project_package,table_lineage,present
table_main,generated_run_evidence,original path recorded in crosswalk/run_manifest,data/curated/v4_3/generated_runs/test_17_real_outcome_dynamics/20260422_aiw_v3_1_test_17_real_outcome_dynamics_main_v1/table_main.md,md,cd42eede962f7235b08c3f9010c19dc474b7080b2f16f6a0efd6f4567d7a9765,private_project_package,table_lineage,present
table_main,generated_run_evidence,original path recorded in crosswalk/run_manifest,data/curated/v4_3/generated_runs/test_17_real_outcome_dynamics/20260422_aiw_v3_1_test_17_real_outcome_dynamics_main_v1/table_main.tex,tex,a70c02e5daec94106e0dec3df8fdee0ff084d56806120cde63dff187ddbf3dd1,private_project_package,table_lineage,present
writer_packet,generated_run_evidence,original path recorded in crosswalk/run_manifest,data/curated/v4_3/generated_runs/test_17_real_outcome_dynamics/20260422_aiw_v3_1_test_17_real_outcome_dynamics_main_v1/writer_packet.md,md,96884c8879aa104834d57c0339f20cdbba78da7125a5420065a8f5fa57b09ece,private_project_package,table_lineage,present
run_manifest,generated_run_evidence,original path recorded in crosswalk/run_manifest,data/curated/v4_3/generated_runs/test_20_comment_letter_cleanup/20260423_aiw_v3_2_test_20_comment_letter_cleanup_main_v1/run_manifest.json,json,14fc650212fa8775d5871e2ed62e9ff7fbf54edc67184d4ab9643f8adb15cbea,private_project_package,table_lineage,present
test_20_comment_letter_cleanup_20260423_aiw_v3_2_test_20_comment_letter_cleanup_main_v1,generated_run_evidence,original path recorded in crosswalk/run_manifest,data/curated/v4_3/generated_runs/test_20_comment_letter_cleanup/20260423_aiw_v3_2_test_20_comment_letter_cleanup_main_v1/test_20_comment_letter_cleanup_20260423_aiw_v3_2_test_20_comment_letter_cleanup_main_v1.csv,csv,9b374daf320067c17e3f0620279ca6cb49e8fd055b8e4b48c448d181f99da280,private_project_package,table_lineage,present
test_20_comment_letter_cleanup_20260423_aiw_v3_2_test_20_comment_letter_cleanup_main_v1,generated_run_evidence,original path recorded in crosswalk/run_manifest,data/curated/v4_3/generated_runs/test_20_comment_letter_cleanup/20260423_aiw_v3_2_test_20_comment_letter_cleanup_main_v1/test_20_comment_letter_cleanup_20260423_aiw_v3_2_test_20_comment_letter_cleanup_main_v1.docx,docx,159cf4135053bb19b0d490c9edc63fffba8177e33a8bb988e0d22408030c4dea,private_project_package,table_lineage,present
test_20_comment_letter_cleanup_20260423_aiw_v3_2_test_20_comment_letter_cleanup_main_v1,generated_run_evidence,original path recorded in crosswalk/run_manifest,data/curated/v4_3/generated_runs/test_20_comment_letter_cleanup/20260423_aiw_v3_2_test_20_comment_letter_cleanup_main_v1/test_20_comment_letter_cleanup_20260423_aiw_v3_2_test_20_comment_letter_cleanup_main_v1.md,md,d00970780f4fe4898597e40b1b919a179c82531757d59e08e2f22a565fcc1843,private_project_package,table_lineage,present
test_20_comment_letter_cleanup_20260423_aiw_v3_2_test_20_comment_letter_cleanup_main_v1,generated_run_evidence,original path recorded in crosswalk/run_manifest,data/curated/v4_3/generated_runs/test_20_comment_letter_cleanup/20260423_aiw_v3_2_test_20_comment_letter_cleanup_main_v1/test_20_comment_letter_cleanup_20260423_aiw_v3_2_test_20_comment_letter_cleanup_main_v1.pdf,pdf,96de0abc494ac06757e163bcac652cd21b6fa6c6d4683ff8bbb8bee1102454e3,private_project_package,table_lineage,present
test_20_comment_letter_cleanup_20260423_aiw_v3_2_test_20_comment_letter_cleanup_main_v1,generated_run_evidence,original path recorded in crosswalk/run_manifest,data/curated/v4_3/generated_runs/test_20_comment_letter_cleanup/20260423_aiw_v3_2_test_20_comment_letter_cleanup_main_v1/test_20_comment_letter_cleanup_20260423_aiw_v3_2_test_20_comment_letter_cleanup_main_v1.png,png,2468fea7adb83e06ed7e4dfb43d1845676a4612fbeb30f9e660464ff7d584ab8,private_project_package,table_lineage,present
test_20_comment_letter_cleanup_20260423_aiw_v3_2_test_20_comment_letter_cleanup_main_v1,generated_run_evidence,original path recorded in crosswalk/run_manifest,data/curated/v4_3/generated_runs/test_20_comment_letter_cleanup/20260423_aiw_v3_2_test_20_comment_letter_cleanup_main_v1/test_20_comment_letter_cleanup_20260423_aiw_v3_2_test_20_comment_letter_cleanup_main_v1.tex,tex,5bf43bc4bf889da7af5a7775f63558abf75372260e123aaffa3887b5812d1c01,private_project_package,table_lineage,present
test_20_comment_letter_cleanup_20260423_aiw_v3_2_test_20_comment_letter_cleanup_main_v1_event_means,generated_run_evidence,original path recorded in crosswalk/run_manifest,data/curated/v4_3/generated_runs/test_20_comment_letter_cleanup/20260423_aiw_v3_2_test_20_comment_letter_cleanup_main_v1/test_20_comment_letter_cleanup_20260423_aiw_v3_2_test_20_comment_letter_cleanup_main_v1_event_means.csv,csv,ed16c30b46e4652eb563f43404512481196874af85907ceddc789598b74df178,private_project_package,table_lineage,present
test_20_comment_letter_cleanup_20260423_aiw_v3_2_test_20_comment_letter_cleanup_main_v1_result_notes,generated_run_evidence,original path recorded in crosswalk/run_manifest,data/curated/v4_3/generated_runs/test_20_comment_letter_cleanup/20260423_aiw_v3_2_test_20_comment_letter_cleanup_main_v1/test_20_comment_letter_cleanup_20260423_aiw_v3_2_test_20_comment_letter_cleanup_main_v1_result_notes.md,md,f7d46f0b89339a2450ca7bd357bb1a65edcef724803c1c326c7c8089008fdc15,private_project_package,table_lineage,present
test_20_comment_letter_cleanup_20260423_aiw_v3_2_test_20_comment_letter_cleanup_main_v1_writer_packet,generated_run_evidence,original path recorded in crosswalk/run_manifest,data/curated/v4_3/generated_runs/test_20_comment_letter_cleanup/20260423_aiw_v3_2_test_20_comment_letter_cleanup_main_v1/test_20_comment_letter_cleanup_20260423_aiw_v3_2_test_20_comment_letter_cleanup_main_v1_writer_packet.md,md,3a077ac38cbefe7279dafe3911d62aa5e277c32ab167fe3184dc116ec6f9d564,private_project_package,table_lineage,present
exec_incentive_sample,generated_run_evidence,original path recorded in crosswalk/run_manifest,data/curated/v4_3/generated_runs/test_25_exec_incentive_mismatch/20260423_aiw_v3_2_test_25_exec_incentive_mismatch_main_v1/exec_incentive_sample.parquet,parquet,eeaa93a76233054c4ecd4d673fb399a9bff9bab4f550ae9ee5211c4f921789f0,private_project_package,table_lineage,present
execucomp_ceo_rows,generated_run_evidence,original path recorded in crosswalk/run_manifest,data/curated/v4_3/generated_runs/test_25_exec_incentive_mismatch/20260423_aiw_v3_2_test_25_exec_incentive_mismatch_main_v1/execucomp_ceo_rows.parquet,parquet,4939509c2ad3af31a68fcf0e478a0bc69d6c935a04cec5d22413baa10d22e1df,private_project_package,table_lineage,present
run_manifest,generated_run_evidence,original path recorded in crosswalk/run_manifest,data/curated/v4_3/generated_runs/test_25_exec_incentive_mismatch/20260423_aiw_v3_2_test_25_exec_incentive_mismatch_main_v1/run_manifest.json,json,fd1f2414cd5a36f5832932d20669cccab175a64a087c6505be179121ac651053,private_project_package,table_lineage,present
test_25_exec_incentive_mismatch_20260423_aiw_v3_2_test_25_exec_incentive_mismatch_main_v1,generated_run_evidence,original path recorded in crosswalk/run_manifest,data/curated/v4_3/generated_runs/test_25_exec_incentive_mismatch/20260423_aiw_v3_2_test_25_exec_incentive_mismatch_main_v1/test_25_exec_incentive_mismatch_20260423_aiw_v3_2_test_25_exec_incentive_mismatch_main_v1.csv,csv,f8fe680b58fd6e6294f225eb56d8caba8e2cf64e5a74ef03419448b308f398bd,private_project_package,table_lineage,present
test_25_exec_incentive_mismatch_20260423_aiw_v3_2_test_25_exec_incentive_mismatch_main_v1,generated_run_evidence,original path recorded in crosswalk/run_manifest,data/curated/v4_3/generated_runs/test_25_exec_incentive_mismatch/20260423_aiw_v3_2_test_25_exec_incentive_mismatch_main_v1/test_25_exec_incentive_mismatch_20260423_aiw_v3_2_test_25_exec_incentive_mismatch_main_v1.docx,docx,63c69b145b2f464b0d9acbf5ea0e61c9615841836ce94ddd7b5253a85e36ece9,private_project_package,table_lineage,present
test_25_exec_incentive_mismatch_20260423_aiw_v3_2_test_25_exec_incentive_mismatch_main_v1,generated_run_evidence,original path recorded in crosswalk/run_manifest,data/curated/v4_3/generated_runs/test_25_exec_incentive_mismatch/20260423_aiw_v3_2_test_25_exec_incentive_mismatch_main_v1/test_25_exec_incentive_mismatch_20260423_aiw_v3_2_test_25_exec_incentive_mismatch_main_v1.md,md,4c4102fd3b41522d9671ebfe1b73f44051af5fbfdd5de48b04e3e26cfb19280d,private_project_package,table_lineage,present
test_25_exec_incentive_mismatch_20260423_aiw_v3_2_test_25_exec_incentive_mismatch_main_v1,generated_run_evidence,original path recorded in crosswalk/run_manifest,data/curated/v4_3/generated_runs/test_25_exec_incentive_mismatch/20260423_aiw_v3_2_test_25_exec_incentive_mismatch_main_v1/test_25_exec_incentive_mismatch_20260423_aiw_v3_2_test_25_exec_incentive_mismatch_main_v1.pdf,pdf,f472f6708847e3256e3885c4f43dba20fea20cf7f262fa2ef659f2fa8e05304e,private_project_package,table_lineage,present
test_25_exec_incentive_mismatch_20260423_aiw_v3_2_test_25_exec_incentive_mismatch_main_v1,generated_run_evidence,original path recorded in crosswalk/run_manifest,data/curated/v4_3/generated_runs/test_25_exec_incentive_mismatch/20260423_aiw_v3_2_test_25_exec_incentive_mismatch_main_v1/test_25_exec_incentive_mismatch_20260423_aiw_v3_2_test_25_exec_incentive_mismatch_main_v1.png,png,42f9b6c1fa34ca7fa6eb933de80b3515f8ad7d6ed7f0e65caacbea19d52ae641,private_project_package,table_lineage,present
test_25_exec_incentive_mismatch_20260423_aiw_v3_2_test_25_exec_incentive_mismatch_main_v1,generated_run_evidence,original path recorded in crosswalk/run_manifest,data/curated/v4_3/generated_runs/test_25_exec_incentive_mismatch/20260423_aiw_v3_2_test_25_exec_incentive_mismatch_main_v1/test_25_exec_incentive_mismatch_20260423_aiw_v3_2_test_25_exec_incentive_mismatch_main_v1.tex,tex,2bc4017434473c101b90e2ffa966fd27f9bc5b05cd3369ab1a3ce2df38b244fc,private_project_package,table_lineage,present
test_25_exec_incentive_mismatch_20260423_aiw_v3_2_test_25_exec_incentive_mismatch_main_v1_result_notes,generated_run_evidence,original path recorded in crosswalk/run_manifest,data/curated/v4_3/generated_runs/test_25_exec_incentive_mismatch/20260423_aiw_v3_2_test_25_exec_incentive_mismatch_main_v1/test_25_exec_incentive_mismatch_20260423_aiw_v3_2_test_25_exec_incentive_mismatch_main_v1_result_notes.md,md,10d0fad7e79735c1557e8412915a1f4cb76d7d61d1c38df712d1e5609e48d8a4,private_project_package,table_lineage,present
test_25_exec_incentive_mismatch_20260423_aiw_v3_2_test_25_exec_incentive_mismatch_main_v1_writer_packet,generated_run_evidence,original path recorded in crosswalk/run_manifest,data/curated/v4_3/generated_runs/test_25_exec_incentive_mismatch/20260423_aiw_v3_2_test_25_exec_incentive_mismatch_main_v1/test_25_exec_incentive_mismatch_20260423_aiw_v3_2_test_25_exec_incentive_mismatch_main_v1_writer_packet.md,md,ce6115a803d603f0febd908e5cffa6484a8a3cc7455bdcb653df20ac8caedda0,private_project_package,table_lineage,present
run_manifest,generated_run_evidence,original path recorded in crosswalk/run_manifest,data/curated/v4_3/generated_runs/test_29_sec_ai_washing_enforcement_did/20260423_aiw_v3_2_test_29_sec_ai_washing_enforcement_did_main_v1/run_manifest.json,json,e419770e3696a12a5a660e6c0632fa181c23bdac2eaf087034644e4e759d8e1e,private_project_package,table_lineage,present
test_29_sec_ai_washing_enforcement_did_20260423_aiw_v3_2_test_29_sec_ai_washing_enforcement_did_main_v1,generated_run_evidence,original path recorded in crosswalk/run_manifest,data/curated/v4_3/generated_runs/test_29_sec_ai_washing_enforcement_did/20260423_aiw_v3_2_test_29_sec_ai_washing_enforcement_did_main_v1/test_29_sec_ai_washing_enforcement_did_20260423_aiw_v3_2_test_29_sec_ai_washing_enforcement_did_main_v1.csv,csv,e2001adb072c5f35478af092ac9e7bcc5935218eacecec8a5649020d94fbe0e0,private_project_package,table_lineage,present
test_29_sec_ai_washing_enforcement_did_20260423_aiw_v3_2_test_29_sec_ai_washing_enforcement_did_main_v1,generated_run_evidence,original path recorded in crosswalk/run_manifest,data/curated/v4_3/generated_runs/test_29_sec_ai_washing_enforcement_did/20260423_aiw_v3_2_test_29_sec_ai_washing_enforcement_did_main_v1/test_29_sec_ai_washing_enforcement_did_20260423_aiw_v3_2_test_29_sec_ai_washing_enforcement_did_main_v1.docx,docx,67a4f40ca1cad5d0b44c59d0236c33ba2c29f76a61fbcebdf25374d193188a3d,private_project_package,table_lineage,present
test_29_sec_ai_washing_enforcement_did_20260423_aiw_v3_2_test_29_sec_ai_washing_enforcement_did_main_v1,generated_run_evidence,original path recorded in crosswalk/run_manifest,data/curated/v4_3/generated_runs/test_29_sec_ai_washing_enforcement_did/20260423_aiw_v3_2_test_29_sec_ai_washing_enforcement_did_main_v1/test_29_sec_ai_washing_enforcement_did_20260423_aiw_v3_2_test_29_sec_ai_washing_enforcement_did_main_v1.pdf,pdf,91643cfbb33680f4e8a701441264552e26fd9c6fa96957044988623fa316f4e5,private_project_package,table_lineage,present
test_29_sec_ai_washing_enforcement_did_20260423_aiw_v3_2_test_29_sec_ai_washing_enforcement_did_main_v1,generated_run_evidence,original path recorded in crosswalk/run_manifest,data/curated/v4_3/generated_runs/test_29_sec_ai_washing_enforcement_did/20260423_aiw_v3_2_test_29_sec_ai_washing_enforcement_did_main_v1/test_29_sec_ai_washing_enforcement_did_20260423_aiw_v3_2_test_29_sec_ai_washing_enforcement_did_main_v1.png,png,22cb2f8451abb5a9c4c5a2f9fe3ff2d9f46afc98cf0ec7455f9c96e2c0585d27,private_project_package,table_lineage,present
test_29_sec_ai_washing_enforcement_did_20260423_aiw_v3_2_test_29_sec_ai_washing_enforcement_did_main_v1,generated_run_evidence,original path recorded in crosswalk/run_manifest,data/curated/v4_3/generated_runs/test_29_sec_ai_washing_enforcement_did/20260423_aiw_v3_2_test_29_sec_ai_washing_enforcement_did_main_v1/test_29_sec_ai_washing_enforcement_did_20260423_aiw_v3_2_test_29_sec_ai_washing_enforcement_did_main_v1.tex,tex,126c973268b48e4c538ba53adb98eacf20b3e6b44f13559d64ff3fb983c7ba37,private_project_package,table_lineage,present
test_29_sec_ai_washing_enforcement_did_20260423_aiw_v3_2_test_29_sec_ai_washing_enforcement_did_main_v1_event_series,generated_run_evidence,original path recorded in crosswalk/run_manifest,data/curated/v4_3/generated_runs/test_29_sec_ai_washing_enforcement_did/20260423_aiw_v3_2_test_29_sec_ai_washing_enforcement_did_main_v1/test_29_sec_ai_washing_enforcement_did_20260423_aiw_v3_2_test_29_sec_ai_washing_enforcement_did_main_v1_event_series.csv,csv,c3ff01566d474c4896b48626c748b0c0411a3a79743ebac2176a621d6fc2022a,private_project_package,table_lineage,present
test_29_sec_ai_washing_enforcement_did_20260423_aiw_v3_2_test_29_sec_ai_washing_enforcement_did_main_v1_result_notes,generated_run_evidence,original path recorded in crosswalk/run_manifest,data/curated/v4_3/generated_runs/test_29_sec_ai_washing_enforcement_did/20260423_aiw_v3_2_test_29_sec_ai_washing_enforcement_did_main_v1/test_29_sec_ai_washing_enforcement_did_20260423_aiw_v3_2_test_29_sec_ai_washing_enforcement_did_main_v1_result_notes.md,md,f1a3efd3ec2f5f546ff67d257f5f8c7aa7c7069d005f324d50d6013c0baacb39,private_project_package,table_lineage,present
test_29_sec_ai_washing_enforcement_did_20260423_aiw_v3_2_test_29_sec_ai_washing_enforcement_did_main_v1_writer_packet,generated_run_evidence,original path recorded in crosswalk/run_manifest,data/curated/v4_3/generated_runs/test_29_sec_ai_washing_enforcement_did/20260423_aiw_v3_2_test_29_sec_ai_washing_enforcement_did_main_v1/test_29_sec_ai_washing_enforcement_did_20260423_aiw_v3_2_test_29_sec_ai_washing_enforcement_did_main_v1_writer_packet.md,md,5ebfe550bcbcd0546944def0671ec91d11e6e44ff5ed7b675120ed2946e30b10,private_project_package,table_lineage,present
run_manifest,generated_run_evidence,original path recorded in crosswalk/run_manifest,data/curated/v4_3/generated_runs/test_30_capital_raising_timing/20260423_aiw_v3_2_test_30_capital_raising_timing_main_v1/run_manifest.json,json,82d03559cb8e83e41d3af9fbd4e22936b536a64d07a61d5bca0c04a125d01d93,private_project_package,table_lineage,present
test_30_capital_raising_timing_20260423_aiw_v3_2_test_30_capital_raising_timing_main_v1,generated_run_evidence,original path recorded in crosswalk/run_manifest,data/curated/v4_3/generated_runs/test_30_capital_raising_timing/20260423_aiw_v3_2_test_30_capital_raising_timing_main_v1/test_30_capital_raising_timing_20260423_aiw_v3_2_test_30_capital_raising_timing_main_v1.csv,csv,ff48fff88aae4b3a1f4220da13435f66321e907c4ef6286b88045edd3e91707c,private_project_package,table_lineage,present
test_30_capital_raising_timing_20260423_aiw_v3_2_test_30_capital_raising_timing_main_v1,generated_run_evidence,original path recorded in crosswalk/run_manifest,data/curated/v4_3/generated_runs/test_30_capital_raising_timing/20260423_aiw_v3_2_test_30_capital_raising_timing_main_v1/test_30_capital_raising_timing_20260423_aiw_v3_2_test_30_capital_raising_timing_main_v1.docx,docx,3ea088a8732502b641ef5fad6544129c1f457e75563b3b1f007a7f9be056e97e,private_project_package,table_lineage,present
test_30_capital_raising_timing_20260423_aiw_v3_2_test_30_capital_raising_timing_main_v1,generated_run_evidence,original path recorded in crosswalk/run_manifest,data/curated/v4_3/generated_runs/test_30_capital_raising_timing/20260423_aiw_v3_2_test_30_capital_raising_timing_main_v1/test_30_capital_raising_timing_20260423_aiw_v3_2_test_30_capital_raising_timing_main_v1.pdf,pdf,418154b0a7b3a0cd3ff3b1d363c2f3f3c802a90b19bb93ac7d720cdf1f993d46,private_project_package,table_lineage,present
test_30_capital_raising_timing_20260423_aiw_v3_2_test_30_capital_raising_timing_main_v1,generated_run_evidence,original path recorded in crosswalk/run_manifest,data/curated/v4_3/generated_runs/test_30_capital_raising_timing/20260423_aiw_v3_2_test_30_capital_raising_timing_main_v1/test_30_capital_raising_timing_20260423_aiw_v3_2_test_30_capital_raising_timing_main_v1.png,png,47dfdc2449c3da78a919c563386894e29d64da8142c153e87883b8ae032acc94,private_project_package,table_lineage,present
test_30_capital_raising_timing_20260423_aiw_v3_2_test_30_capital_raising_timing_main_v1,generated_run_evidence,original path recorded in crosswalk/run_manifest,data/curated/v4_3/generated_runs/test_30_capital_raising_timing/20260423_aiw_v3_2_test_30_capital_raising_timing_main_v1/test_30_capital_raising_timing_20260423_aiw_v3_2_test_30_capital_raising_timing_main_v1.tex,tex,a2a8a6362ea369e0fb5521326a75ebad590e2593eafa0f7200cdc85bcb46cf65,private_project_package,table_lineage,present
test_30_capital_raising_timing_20260423_aiw_v3_2_test_30_capital_raising_timing_main_v1_figure_series,generated_run_evidence,original path recorded in crosswalk/run_manifest,data/curated/v4_3/generated_runs/test_30_capital_raising_timing/20260423_aiw_v3_2_test_30_capital_raising_timing_main_v1/test_30_capital_raising_timing_20260423_aiw_v3_2_test_30_capital_raising_timing_main_v1_figure_series.csv,csv,1e0786249efd871db33aeeff57e83aa051b09dca2d00697fa20e8f5efedafb36,private_project_package,table_lineage,present
test_30_capital_raising_timing_20260423_aiw_v3_2_test_30_capital_raising_timing_main_v1_result_notes,generated_run_evidence,original path recorded in crosswalk/run_manifest,data/curated/v4_3/generated_runs/test_30_capital_raising_timing/20260423_aiw_v3_2_test_30_capital_raising_timing_main_v1/test_30_capital_raising_timing_20260423_aiw_v3_2_test_30_capital_raising_timing_main_v1_result_notes.md,md,678deff1778385b8f47ae03632c4a41ac28f00a055074047f1a05fd4997a3acd,private_project_package,table_lineage,present
test_30_capital_raising_timing_20260423_aiw_v3_2_test_30_capital_raising_timing_main_v1_writer_packet,generated_run_evidence,original path recorded in crosswalk/run_manifest,data/curated/v4_3/generated_runs/test_30_capital_raising_timing/20260423_aiw_v3_2_test_30_capital_raising_timing_main_v1/test_30_capital_raising_timing_20260423_aiw_v3_2_test_30_capital_raising_timing_main_v1_writer_packet.md,md,b0a780894b0e8355b28cb523f87ecd2c3b774c853641580d2ef35dbd7d794ffd,private_project_package,table_lineage,present
run_manifest,generated_run_evidence,original path recorded in crosswalk/run_manifest,data/curated/v4_3/generated_runs/test_32_market_reaction_in_issue_windows/20260423_aiw_v3_2_test_32_market_reaction_in_issue_windows_main_v1/run_manifest.json,json,0f75108556c1dd965f8035317db094932a60da5d8a12c7c4f993af9e28e29039,private_project_package,table_lineage,present
test_32_market_reaction_in_issue_windows_20260423_aiw_v3_2_test_32_market_reaction_in_issue_windows_main_v1,generated_run_evidence,original path recorded in crosswalk/run_manifest,data/curated/v4_3/generated_runs/test_32_market_reaction_in_issue_windows/20260423_aiw_v3_2_test_32_market_reaction_in_issue_windows_main_v1/test_32_market_reaction_in_issue_windows_20260423_aiw_v3_2_test_32_market_reaction_in_issue_windows_main_v1.csv,csv,d2c1a2afcc6260d29865d01e8c44d79d63e872b2caaec6c896499546f628075f,private_project_package,table_lineage,present
test_32_market_reaction_in_issue_windows_20260423_aiw_v3_2_test_32_market_reaction_in_issue_windows_main_v1,generated_run_evidence,original path recorded in crosswalk/run_manifest,data/curated/v4_3/generated_runs/test_32_market_reaction_in_issue_windows/20260423_aiw_v3_2_test_32_market_reaction_in_issue_windows_main_v1/test_32_market_reaction_in_issue_windows_20260423_aiw_v3_2_test_32_market_reaction_in_issue_windows_main_v1.docx,docx,db8f9daa4f7f9e915d19eb2e8a297c935a1bd4e35e1c936c2c1687b505170aed,private_project_package,table_lineage,present
test_32_market_reaction_in_issue_windows_20260423_aiw_v3_2_test_32_market_reaction_in_issue_windows_main_v1,generated_run_evidence,original path recorded in crosswalk/run_manifest,data/curated/v4_3/generated_runs/test_32_market_reaction_in_issue_windows/20260423_aiw_v3_2_test_32_market_reaction_in_issue_windows_main_v1/test_32_market_reaction_in_issue_windows_20260423_aiw_v3_2_test_32_market_reaction_in_issue_windows_main_v1.pdf,pdf,6e110ec829e77efb5728d3da51bfe0b95d83d5ce7ef37e66b09cfd0df54b731e,private_project_package,table_lineage,present
test_32_market_reaction_in_issue_windows_20260423_aiw_v3_2_test_32_market_reaction_in_issue_windows_main_v1,generated_run_evidence,original path recorded in crosswalk/run_manifest,data/curated/v4_3/generated_runs/test_32_market_reaction_in_issue_windows/20260423_aiw_v3_2_test_32_market_reaction_in_issue_windows_main_v1/test_32_market_reaction_in_issue_windows_20260423_aiw_v3_2_test_32_market_reaction_in_issue_windows_main_v1.png,png,c21272146ff363835df8cb17c6f76528e7ca8f2077b916103e7e4688c8bf4457,private_project_package,table_lineage,present
test_32_market_reaction_in_issue_windows_20260423_aiw_v3_2_test_32_market_reaction_in_issue_windows_main_v1,generated_run_evidence,original path recorded in crosswalk/run_manifest,data/curated/v4_3/generated_runs/test_32_market_reaction_in_issue_windows/20260423_aiw_v3_2_test_32_market_reaction_in_issue_windows_main_v1/test_32_market_reaction_in_issue_windows_20260423_aiw_v3_2_test_32_market_reaction_in_issue_windows_main_v1.tex,tex,96f4881c7589ad57b5ead1cef7cbc4eadacbd62857a21e73f68f02ad1db33b3c,private_project_package,table_lineage,present
test_32_market_reaction_in_issue_windows_20260423_aiw_v3_2_test_32_market_reaction_in_issue_windows_main_v1_result_notes,generated_run_evidence,original path recorded in crosswalk/run_manifest,data/curated/v4_3/generated_runs/test_32_market_reaction_in_issue_windows/20260423_aiw_v3_2_test_32_market_reaction_in_issue_windows_main_v1/test_32_market_reaction_in_issue_windows_20260423_aiw_v3_2_test_32_market_reaction_in_issue_windows_main_v1_result_notes.md,md,bb680ad7cf0ed7bbe0bc823673f086f7c78fc0f286d11a28f42b2bc993b76ca1,private_project_package,table_lineage,present
test_32_market_reaction_in_issue_windows_20260423_aiw_v3_2_test_32_market_reaction_in_issue_windows_main_v1_writer_packet,generated_run_evidence,original path recorded in crosswalk/run_manifest,data/curated/v4_3/generated_runs/test_32_market_reaction_in_issue_windows/20260423_aiw_v3_2_test_32_market_reaction_in_issue_windows_main_v1/test_32_market_reaction_in_issue_windows_20260423_aiw_v3_2_test_32_market_reaction_in_issue_windows_main_v1_writer_packet.md,md,bae39da88103c39eee39529084270e38df75e3ee9d858f79c52f63b4332fe4c7,private_project_package,table_lineage,present
semantic_ai_washing.analysis.build_delivery_figures,minimal_source_closure,/Users/soheilkhodadadi/Documents/Projects/semantic-patterns/src/semantic_ai_washing/analysis/build_delivery_figures.py,src/semantic_ai_washing/analysis/build_delivery_figures.py,py,481e5d3e931ef21056e0722eaed6a2b2ef9967ca08e2fa355f729852f9c4d8f3,source_code,script_import_or_rerun,present
semantic_ai_washing.analysis.build_delivery_table_docs,minimal_source_closure,/Users/soheilkhodadadi/Documents/Projects/semantic-patterns/src/semantic_ai_washing/analysis/build_delivery_table_docs.py,src/semantic_ai_washing/analysis/build_delivery_table_docs.py,py,abe0e87fdd718dcb474b1d9017741e51b55cc3a63de7e5214d666a4518b36096,source_code,script_import_or_rerun,present
semantic_ai_washing.analysis.delivery_table_payloads,minimal_source_closure,/Users/soheilkhodadadi/Documents/Projects/semantic-patterns/src/semantic_ai_washing/analysis/delivery_table_payloads.py,src/semantic_ai_washing/analysis/delivery_table_payloads.py,py,ecc18ca30521a85044bc0dac93520900933e9012dd97e609f8defa85cb9932f6,source_code,script_import_or_rerun,present
semantic_ai_washing.analysis.generate_delivery_table_artifacts,minimal_source_closure,/Users/soheilkhodadadi/Documents/Projects/semantic-patterns/src/semantic_ai_washing/analysis/generate_delivery_table_artifacts.py,src/semantic_ai_washing/analysis/generate_delivery_table_artifacts.py,py,c98d0e3d4842b0263045093bcdb343d6809ebdedff44b6984fae05fe463c24ed,source_code,script_import_or_rerun,present
semantic_ai_washing.analysis.ken_french_factors,minimal_source_closure,/Users/soheilkhodadadi/Documents/Projects/semantic-patterns/src/semantic_ai_washing/analysis/ken_french_factors.py,src/semantic_ai_washing/analysis/ken_french_factors.py,py,9b232159d6758b26d08a7a02b85fad00ce6d928036e73ede9bf8d0df55b87084,source_code,script_import_or_rerun,present
semantic_ai_washing.analysis.publication_runs.appendix_variable_definitions,minimal_source_closure,/Users/soheilkhodadadi/Documents/Projects/semantic-patterns/src/semantic_ai_washing/analysis/publication_runs/appendix_variable_definitions.py,src/semantic_ai_washing/analysis/publication_runs/appendix_variable_definitions.py,py,b5b0b6a61f3007203eaff0dd7ccb6ec5f967c4f2968cfad2ec956b31bb44f0ee,source_code,script_import_or_rerun,present
semantic_ai_washing.analysis.publication_runs.legacy_a1_mismatch_determinants_full,minimal_source_closure,/Users/soheilkhodadadi/Documents/Projects/semantic-patterns/src/semantic_ai_washing/analysis/publication_runs/legacy_a1_mismatch_determinants_full.py,src/semantic_ai_washing/analysis/publication_runs/legacy_a1_mismatch_determinants_full.py,py,b0143ba8a833d64856748d6b7dc8dc373644a1d35532021bb52da0f8aa612da3,source_code,script_import_or_rerun,present
semantic_ai_washing.analysis.publication_runs.legacy_a2_mismatch_intensity,minimal_source_closure,/Users/soheilkhodadadi/Documents/Projects/semantic-patterns/src/semantic_ai_washing/analysis/publication_runs/legacy_a2_mismatch_intensity.py,src/semantic_ai_washing/analysis/publication_runs/legacy_a2_mismatch_intensity.py,py,78497108c86d1560665e8b1eb68b1baf983f98de74fd8719d1304b46ad487a80,source_code,script_import_or_rerun,present
semantic_ai_washing.analysis.publication_runs.legacy_b1_measurement_audit,minimal_source_closure,/Users/soheilkhodadadi/Documents/Projects/semantic-patterns/src/semantic_ai_washing/analysis/publication_runs/legacy_b1_measurement_audit.py,src/semantic_ai_washing/analysis/publication_runs/legacy_b1_measurement_audit.py,py,7d5e0810757a8b2574ac809fdfbc66b3b0b735afa6883dceea31ec3ea0c582e4,source_code,script_import_or_rerun,present
semantic_ai_washing.analysis.publication_runs.legacy_b2_attrition_map,minimal_source_closure,/Users/soheilkhodadadi/Documents/Projects/semantic-patterns/src/semantic_ai_washing/analysis/publication_runs/legacy_b2_attrition_map.py,src/semantic_ai_washing/analysis/publication_runs/legacy_b2_attrition_map.py,py,a89cbe7782053f02479109d24a2add6fb54c1af620a1abd379e999c05f782a7e,source_code,script_import_or_rerun,present
semantic_ai_washing.analysis.publication_runs.legacy_classifier_risk_highconf,minimal_source_closure,/Users/soheilkhodadadi/Documents/Projects/semantic-patterns/src/semantic_ai_washing/analysis/publication_runs/legacy_classifier_risk_highconf.py,src/semantic_ai_washing/analysis/publication_runs/legacy_classifier_risk_highconf.py,py,1ff149970974585fd5bf1ed673a71e78aa2266db2e01170934b0d09383082425,source_code,script_import_or_rerun,present
semantic_ai_washing.analysis.publication_runs.legacy_r1_disclosure_volume,minimal_source_closure,/Users/soheilkhodadadi/Documents/Projects/semantic-patterns/src/semantic_ai_washing/analysis/publication_runs/legacy_r1_disclosure_volume.py,src/semantic_ai_washing/analysis/publication_runs/legacy_r1_disclosure_volume.py,py,9202a3ae58f403c6e677e2ff4cfab466c5393a33056cbb5cb35d4f3186fd01b9,source_code,script_import_or_rerun,present
semantic_ai_washing.analysis.publication_runs.legacy_r1_summary_stats,minimal_source_closure,/Users/soheilkhodadadi/Documents/Projects/semantic-patterns/src/semantic_ai_washing/analysis/publication_runs/legacy_r1_summary_stats.py,src/semantic_ai_washing/analysis/publication_runs/legacy_r1_summary_stats.py,py,434eade91a58d6b2fc2219395a08e4a0faab864518c688f1fa206f527c95ee59,source_code,script_import_or_rerun,present
semantic_ai_washing.analysis.publication_runs.legacy_r2_ai_focus_timing,minimal_source_closure,/Users/soheilkhodadadi/Documents/Projects/semantic-patterns/src/semantic_ai_washing/analysis/publication_runs/legacy_r2_ai_focus_timing.py,src/semantic_ai_washing/analysis/publication_runs/legacy_r2_ai_focus_timing.py,py,b0ec9aa46fadc1f6e0c17c3a7d749c064774b05f9123348b3ac5e54b5592348a,source_code,script_import_or_rerun,present
semantic_ai_washing.analysis.publication_runs.legacy_r4_actionable_patent_timing,minimal_source_closure,/Users/soheilkhodadadi/Documents/Projects/semantic-patterns/src/semantic_ai_washing/analysis/publication_runs/legacy_r4_actionable_patent_timing.py,src/semantic_ai_washing/analysis/publication_runs/legacy_r4_actionable_patent_timing.py,py,dffb7bc88cab751b1a33eaa23e34b9d2fef0929e2fc3f4740ee8e0f07b711084,source_code,script_import_or_rerun,present
semantic_ai_washing.analysis.publication_runs.legacy_r5_speculative_patent_timing,minimal_source_closure,/Users/soheilkhodadadi/Documents/Projects/semantic-patterns/src/semantic_ai_washing/analysis/publication_runs/legacy_r5_speculative_patent_timing.py,src/semantic_ai_washing/analysis/publication_runs/legacy_r5_speculative_patent_timing.py,py,8a146e7ab72b95a8c6a8a66574f36652573c1e9364c58cb9ae23cc0435406507,source_code,script_import_or_rerun,present
semantic_ai_washing.analysis.publication_runs.legacy_r7_as_mismatch_tplus2,minimal_source_closure,/Users/soheilkhodadadi/Documents/Projects/semantic-patterns/src/semantic_ai_washing/analysis/publication_runs/legacy_r7_as_mismatch_tplus2.py,src/semantic_ai_washing/analysis/publication_runs/legacy_r7_as_mismatch_tplus2.py,py,3e1d9f6a90ffaec5db9867a49c7d09926119bdb7a063fe7158e3b964fa2dcee8,source_code,script_import_or_rerun,present
semantic_ai_washing.analysis.publication_runs.legacy_r8_mismatch_determinants_reduced,minimal_source_closure,/Users/soheilkhodadadi/Documents/Projects/semantic-patterns/src/semantic_ai_washing/analysis/publication_runs/legacy_r8_mismatch_determinants_reduced.py,src/semantic_ai_washing/analysis/publication_runs/legacy_r8_mismatch_determinants_reduced.py,py,387aaa220cb1f6fcecd110b285b0c8f23386ecb0990877cb1e5bcf4156a79ced,source_code,script_import_or_rerun,present
semantic_ai_washing.analysis.publication_runs.legacy_timing_table_utils,minimal_source_closure,/Users/soheilkhodadadi/Documents/Projects/semantic-patterns/src/semantic_ai_washing/analysis/publication_runs/legacy_timing_table_utils.py,src/semantic_ai_washing/analysis/publication_runs/legacy_timing_table_utils.py,py,340bfb9007240caf27af95eb39da52981c1c900c1a978d2fb806dd9db3bda3d2,source_code,script_import_or_rerun,present
semantic_ai_washing.analysis.publication_runs.test_03_post_filing_drift,minimal_source_closure,/Users/soheilkhodadadi/Documents/Projects/semantic-patterns/src/semantic_ai_washing/analysis/publication_runs/test_03_post_filing_drift.py,src/semantic_ai_washing/analysis/publication_runs/test_03_post_filing_drift.py,py,3f91b2773cd64918c04e37db1f37c38d0d0f80f18788020a614c6faf5edee408,source_code,script_import_or_rerun,present
semantic_ai_washing.analysis.publication_runs.test_03_post_filing_portfolio_alpha,minimal_source_closure,/Users/soheilkhodadadi/Documents/Projects/semantic-patterns/src/semantic_ai_washing/analysis/publication_runs/test_03_post_filing_portfolio_alpha.py,src/semantic_ai_washing/analysis/publication_runs/test_03_post_filing_portfolio_alpha.py,py,db87113e4cdee969a37bbd0a33d5c4365cc5006b903c11622bf2dc256486d53f,source_code,script_import_or_rerun,present
semantic_ai_washing.analysis.publication_runs.test_05_size_heterogeneity,minimal_source_closure,/Users/soheilkhodadadi/Documents/Projects/semantic-patterns/src/semantic_ai_washing/analysis/publication_runs/test_05_size_heterogeneity.py,src/semantic_ai_washing/analysis/publication_runs/test_05_size_heterogeneity.py,py,d713b9eb495ec49caa475c66f234cbb515da13c07227d330daadb823472c1aef,source_code,script_import_or_rerun,present
semantic_ai_washing.analysis.publication_runs.test_09_factor_adjusted_alpha,minimal_source_closure,/Users/soheilkhodadadi/Documents/Projects/semantic-patterns/src/semantic_ai_washing/analysis/publication_runs/test_09_factor_adjusted_alpha.py,src/semantic_ai_washing/analysis/publication_runs/test_09_factor_adjusted_alpha.py,py,fee5c2303eda8b2f46c3b10461cb7ceeb850bf25fb30fc21f825a1b6b20d9da1,source_code,script_import_or_rerun,present
semantic_ai_washing.analysis.publication_runs.test_12_predictive_return_controls,minimal_source_closure,/Users/soheilkhodadadi/Documents/Projects/semantic-patterns/src/semantic_ai_washing/analysis/publication_runs/test_12_predictive_return_controls.py,src/semantic_ai_washing/analysis/publication_runs/test_12_predictive_return_controls.py,py,970b82335ea0679b1e07cafca3d8729e0d929065a40e7022e6e18ca18d083791,source_code,script_import_or_rerun,present
semantic_ai_washing.analysis.publication_runs.test_13_pre_post_event_path,minimal_source_closure,/Users/soheilkhodadadi/Documents/Projects/semantic-patterns/src/semantic_ai_washing/analysis/publication_runs/test_13_pre_post_event_path.py,src/semantic_ai_washing/analysis/publication_runs/test_13_pre_post_event_path.py,py,4340d479059dd831fb8a4bf7ff645c3d74c2e27455a9002b383abb1cc9c61134,source_code,script_import_or_rerun,present
semantic_ai_washing.analysis.publication_runs.test_15_matched_ai_talking_sample,minimal_source_closure,/Users/soheilkhodadadi/Documents/Projects/semantic-patterns/src/semantic_ai_washing/analysis/publication_runs/test_15_matched_ai_talking_sample.py,src/semantic_ai_washing/analysis/publication_runs/test_15_matched_ai_talking_sample.py,py,cf9bc88f28c74fa0fa328fe9d4c1573486299d9f277f4e9a1f8249d139dfe03a,source_code,script_import_or_rerun,present
semantic_ai_washing.analysis.publication_runs.test_16_construct_variant_screen,minimal_source_closure,/Users/soheilkhodadadi/Documents/Projects/semantic-patterns/src/semantic_ai_washing/analysis/publication_runs/test_16_construct_variant_screen.py,src/semantic_ai_washing/analysis/publication_runs/test_16_construct_variant_screen.py,py,d77fea583a7f0f36b49a31799d3459d7624222aad7a3f481f7069fcd45ac9180,source_code,script_import_or_rerun,present
semantic_ai_washing.analysis.publication_runs.test_17_real_outcome_dynamics,minimal_source_closure,/Users/soheilkhodadadi/Documents/Projects/semantic-patterns/src/semantic_ai_washing/analysis/publication_runs/test_17_real_outcome_dynamics.py,src/semantic_ai_washing/analysis/publication_runs/test_17_real_outcome_dynamics.py,py,03270e293b5ec36ad17823a39e095ef2c96d544847d478cecbf96cdd9da93f0c,source_code,script_import_or_rerun,present
semantic_ai_washing.analysis.publication_runs.test_20_comment_letter_cleanup,minimal_source_closure,/Users/soheilkhodadadi/Documents/Projects/semantic-patterns/src/semantic_ai_washing/analysis/publication_runs/test_20_comment_letter_cleanup.py,src/semantic_ai_washing/analysis/publication_runs/test_20_comment_letter_cleanup.py,py,c540ab6ff4cf656eb06e5f02f33ae82020709881ba3f94149d8518e17baa6230,source_code,script_import_or_rerun,present
semantic_ai_washing.analysis.publication_runs.test_25_exec_incentive_mismatch,minimal_source_closure,/Users/soheilkhodadadi/Documents/Projects/semantic-patterns/src/semantic_ai_washing/analysis/publication_runs/test_25_exec_incentive_mismatch.py,src/semantic_ai_washing/analysis/publication_runs/test_25_exec_incentive_mismatch.py,py,df2e9752d87ad0fe1c869cc325a71c0f3a050ba87c375936faa7c77df6c535d1,source_code,script_import_or_rerun,present
semantic_ai_washing.analysis.publication_runs.test_29_sec_ai_washing_enforcement_did,minimal_source_closure,/Users/soheilkhodadadi/Documents/Projects/semantic-patterns/src/semantic_ai_washing/analysis/publication_runs/test_29_sec_ai_washing_enforcement_did.py,src/semantic_ai_washing/analysis/publication_runs/test_29_sec_ai_washing_enforcement_did.py,py,958eb9b4747f395889c703ae26b8883bdad263c087565ee3d0c3288a052cf256,source_code,script_import_or_rerun,present
semantic_ai_washing.analysis.publication_runs.test_30_capital_raising_timing,minimal_source_closure,/Users/soheilkhodadadi/Documents/Projects/semantic-patterns/src/semantic_ai_washing/analysis/publication_runs/test_30_capital_raising_timing.py,src/semantic_ai_washing/analysis/publication_runs/test_30_capital_raising_timing.py,py,ceba723ab36bcab300ead148c89e6bd448929db53512bc7163d8393fba5355c2,source_code,script_import_or_rerun,present
semantic_ai_washing.analysis.publication_runs.test_32_market_reaction_in_issue_windows,minimal_source_closure,/Users/soheilkhodadadi/Documents/Projects/semantic-patterns/src/semantic_ai_washing/analysis/publication_runs/test_32_market_reaction_in_issue_windows.py,src/semantic_ai_washing/analysis/publication_runs/test_32_market_reaction_in_issue_windows.py,py,70c56132010fd5fd78edb52ec034271b85c5467d6568f70abf09920ae6d7c6b8,source_code,script_import_or_rerun,present
semantic_ai_washing.analysis.run_regressions,minimal_source_closure,/Users/soheilkhodadadi/Documents/Projects/semantic-patterns/src/semantic_ai_washing/analysis/run_regressions.py,src/semantic_ai_washing/analysis/run_regressions.py,py,3660155ea7c278c378a65777cfaf53fbb8b70c59225d409536a9d4063de3d5fb,source_code,script_import_or_rerun,present
sample_filings,fixture_data,synthetic non-sensitive fixture,data/fixtures/sample_filings.csv,csv,c75d02c2625c3351177cddba972308fdf8480e0868d81b281d47cfde5f631409,safe_to_share,fixture_smoke_test,present
sample_labels,fixture_data,synthetic non-sensitive fixture,data/fixtures/sample_labels.csv,csv,751aaf217e4b76a5b3b53816a06c25c3f863f2ee3237b5ee9e83ec0beed03d53,safe_to_share,fixture_smoke_test,present
sample_market_patent_panel,fixture_data,synthetic non-sensitive fixture,data/fixtures/sample_market_patent_panel.csv,csv,21653344c43ffa0f3fbb238a66feaeb4fa762c770f54b4eb91f357a0ee0711af,safe_to_share,fixture_smoke_test,present
compare_tables,workstation_utility_or_documentation,generated by Codex for AI Washing research workstation,scripts/compare_tables.py,py,f9a40b9d4e42112c74395e0c50485ffb0925be16a659816616781a5cc2dca8f9,source_code_or_documentation,workstation_operation,present
import_smoke,workstation_utility_or_documentation,generated by Codex for AI Washing research workstation,scripts/import_smoke.py,py,ff9de5014db57866c324b51e9616cb46966a5c630be74556e5374bc6b1c1e619,source_code_or_documentation,workstation_operation,present
path_leak_scan,workstation_utility_or_documentation,generated by Codex for AI Washing research workstation,scripts/path_leak_scan.py,py,156c5b888b20c070b3882bfd6ad98dda5397f2951bb437a1a7fbdcb4d33adc12,source_code_or_documentation,workstation_operation,present
run_publication_table,workstation_utility_or_documentation,generated by Codex for AI Washing research workstation,scripts/run_publication_table.py,py,f378a6f8a44fe7b1281991c2b73ff071dac64546a2c7040e31116784725c5c54,source_code_or_documentation,workstation_operation,present
validate_capsule,workstation_utility_or_documentation,generated by Codex for AI Washing research workstation,scripts/validate_capsule.py,py,a4449d186e3000bdbf4666ee9ef52ceb5225e638884ac27d79f8d94a20f47866,source_code_or_documentation,workstation_operation,present
workstation_build_report,workstation_utility_or_documentation,generated by Codex for AI Washing research workstation,docs/workstation_build_report.md,md,7d9656b6c5caa28383bbba29d2b27707d970bea207bccc8c67fafee8bb613030,source_code_or_documentation,workstation_operation,present
coauthor_quickstart,workstation_utility_or_documentation,generated by Codex for AI Washing research workstation,docs/coauthor_quickstart.md,md,ddadb15ad26ce4432784dbc9ffd7d31ce46e19ad11d078160a0326fab32e16ee,source_code_or_documentation,workstation_operation,present
extension_notes_future_data,workstation_utility_or_documentation,generated by Codex for AI Washing research workstation,docs/extension_notes_future_data.md,md,d3f2797fc364fac91c2697ff590ea95d18563dc6201ab422fadeba7309bf5998,source_code_or_documentation,workstation_operation,present
known_limitations,workstation_utility_or_documentation,generated by Codex for AI Washing research workstation,docs/known_limitations.md,md,acbbfe89b81475b56b1605b41a389f51c85b603c1a1790a95cec14597f8334c9,source_code_or_documentation,workstation_operation,present
match_status_report,workstation_utility_or_documentation,generated by Codex for AI Washing research workstation,docs/match_status_report.md,md,da6ddd039d48641fb27f8cacae047c39fa264344e08ca076ae80e382e3510ac1,source_code_or_documentation,workstation_operation,present
__init__,workstation_utility_or_documentation,generated by Codex for AI Washing research workstation,src/semantic_ai_washing_min/__init__.py,py,c2b87e9d79869851fac206debe388713c531dce1049cac102349e53230598cab,source_code_or_documentation,workstation_operation,present
fixture_pipeline,workstation_utility_or_documentation,generated by Codex for AI Washing research workstation,src/semantic_ai_washing_min/fixture_pipeline.py,py,3a6cde0c911de65eb00fb3ca0612560d15c86b59d99865f432b3ec562ef8385f,source_code_or_documentation,workstation_operation,present
README_START_HERE,workstation_entrypoint,generated by Codex for AI Washing research workstation,README_START_HERE.md,md,45319f92fae2422bc271944d020cce19ed3539ddeb5054a699e5562a15019072,source_code_or_documentation,workstation_operation,present
Makefile,workstation_entrypoint,generated by Codex for AI Washing research workstation,Makefile,,0d44c506f74ad44a3a0aa325f45fcf63c4a460c8524293038ccf79d5e7866bac,source_code_or_documentation,workstation_operation,present
pyproject,workstation_entrypoint,generated by Codex for AI Washing research workstation,pyproject.toml,toml,efacc33feab40b7996c6ffc50215452d2d6650d2dd14f75502219c58286e24ce,source_code_or_documentation,workstation_operation,present
data_dependency_manifest,workstation_manifest,generated by Codex for AI Washing research workstation,manifests/data_dependency_manifest.csv,csv,cdd919e6c0d042ac134910433827cda1e6dd19f204ac8a1cb90900b57bfc27a4,source_code_or_documentation,workstation_operation,present
source_closure_manifest,workstation_manifest,generated by Codex for AI Washing research workstation,manifests/source_closure_manifest.csv,csv,5ff2baf4f010511ba9b4806f8db7df310609b84f3fae4af18f6bb59a1b7a1ada,source_code_or_documentation,workstation_operation,present
table_to_script_crosswalk,workstation_manifest,generated by Codex for AI Washing research workstation,manifests/table_to_script_crosswalk.csv,csv,304a87621537393a83b17880735ead7cea80ea6dd781b180c863de4d74679ba4,source_code_or_documentation,workstation_operation,present
v4_3_manuscript_asset_inventory,workstation_manifest,generated by Codex for AI Washing research workstation,manifests/v4_3_manuscript_asset_inventory.csv,csv,971e30a0533fd9430698fb11dad752c77b2017da53cbc26fdb6e0462394a678c,source_code_or_documentation,workstation_operation,present
comment_letter_event_panel,curated_generated_input,/Users/soheilkhodadadi/DataWork/semantic-patterns/ai_washing/derived/v3_2/test_runs/test_19_sec_comment_letter_scrutiny/20260423_aiw_v3_2_test_19_sec_comment_letter_scrutiny_main_v1/comment_letter_event_panel.parquet,data/curated/v4_3/comment_letter_event_panel.parquet,parquet,badc607a3c9d01a7a0e2abb6ffa43fc372279db6b82d64baae826f4bff0b0e8b,private_project_package,test_20_comment_letter_cleanup,present
final_validation_report,workstation_utility_or_documentation,generated by Codex for AI Washing research workstation,docs/final_validation_report.md,md,8ac8cc51d5743f85e1174f6f1ac2a2faa716119ca0384ff0eef107dc224e36bb,source_code_or_documentation,workstation_operation,present
AGENTS,workstation_entrypoint,generated by Codex for AI Washing research workstation,AGENTS.md,md,365bb9adda63103d5a8af3781fb176364f06e5f777fd5d85f8db6b182c1684d7,source_code_or_documentation,workstation_operation,present
env_example,workstation_entrypoint,generated by Codex for AI Washing research workstation,.env.example,env,86a9fba9830b211a975efb2325b23780388704222dea325fe020385aede61641,source_code_or_documentation,workstation_operation,present
collaboration_workflow,workstation_utility_or_documentation,generated by Codex for AI Washing research workstation,docs/collaboration_workflow.md,md,0850b134de9fa3569913f6d2938ec1dade59d224a1043d772c2e5c7fd7278706,source_code_or_documentation,workstation_operation,present
data_management,workstation_utility_or_documentation,generated by Codex for AI Washing research workstation,docs/data_management.md,md,9302a956a135902d27596467fdecb43291722c60cc95540523dc897ca7a0f070,source_code_or_documentation,workstation_operation,present
v4_3_defense_freeze,workstation_release_note,generated by Codex for AI Washing research workstation,docs/releases/v4_3_defense_freeze.md,md,8db05f12861db08c7eeb47f7e1fc2ee0ba760a7bcccc9c07e414b000b18e8dde,source_code_or_documentation,v4_3_release,present
gitignore,workstation_entrypoint,generated by Codex for AI Washing research workstation,.gitignore,,4e16ed92daf65f174a14bcd830c7799e5cb5d130f77d1ade293dad8c3c5685a6,source_code_or_documentation,workstation_operation,present
requirements_lock,workstation_entrypoint,generated from validated local environment,requirements-lock.txt,txt,10f0264c4efbb3f6973e658e2d34b45099da00959ea3b3b49328ddc4751807cf,source_code_or_documentation,environment_reproduction,present
README,workstation_entrypoint,generated by Codex for AI Washing research workstation,README.md,md,7531d7ff8788055d867435690d6b38acfa789200429cb0b10ea4a98caf5d6826,source_code_or_documentation,workstation_operation,present
current_state_and_roadmap,workstation_utility_or_documentation,generated by Codex for AI Washing research workstation,docs/current_state_and_roadmap.md,md,2f64d2c778a041710d73661dd3dab27c89203a4a0468a706653cb1bbb2252ca2,source_code_or_documentation,workstation_operation,present
check_private_data,workstation_utility_or_documentation,generated by Codex for AI Washing research workstation,scripts/check_private_data.py,py,b1ddd77a97acee52ed4e21778371689ea23a0c3aeb2df9cda11626f8f14495cc,source_code_or_documentation,private_data_validation,present
reproduce_assets,workstation_utility_or_documentation,generated by Codex for AI Washing research workstation,scripts/reproduce_assets.py,py,edf560dd032d1bc9f438b9e55a1a2ed379661d5197e0de8e86d9b6c789cd3f1a,source_code_or_documentation,full_table_reproduction,present
private_data_contract,workstation_utility_or_documentation,generated by Codex for AI Washing research workstation,docs/private_data_contract.md,md,3c20ecb4d770c387eccb27edb0ca328cb2f63f677c256a633f37bf037a520c41,source_code_or_documentation,private_data_validation,present
coauthor_runbook,workstation_utility_or_documentation,generated by Codex for AI Washing research workstation,docs/coauthor_runbook.md,md,d7826353e09eb09c5daa1ef00eaecf66edd0fd2a3e70e697f4bb523c146734dc,source_code_or_documentation,coauthor_handoff,present
workspace_routing,workstation_utility_or_documentation,generated by Codex for AI Washing research workstation,docs/workspace_routing.md,md,b38e7f068ccaf66516b0c84b7618def015976ff18aba9aa2db917a2b836287b4,source_code_or_documentation,workspace_operation,present
full_reproduction_status_md,workstation_utility_or_documentation,generated by Codex for AI Washing research workstation,docs/full_reproduction_status.md,md,89335006b85aa35f84f39cd868424c11a18ebe00dee730674ce7ec55344dc960,source_code_or_documentation,full_table_reproduction,present
full_reproduction_status_csv,workstation_utility_or_documentation,generated by Codex for AI Washing research workstation,docs/full_reproduction_status.csv,csv,8a96d1028d125bd3ce36342b3306529d55fdfabe78c55ee3157cc4b8b2971c25,source_code_or_documentation,full_table_reproduction,present
phase3c_reproduction_report,workstation_utility_or_documentation,generated by Codex for AI Washing research workstation,docs/phase3c_reproduction_report.md,md,b921cea8bf86fb3266317ca2843708af7f68d5214d7edf8dfd8d06df49d86d95,source_code_or_documentation,full_table_reproduction,present
