path,surface,severity,coauthor_profile,journal_profile,reason
.devcontainer/devcontainer.json,tracked,ok,include,include,tracked project file
.dockerignore,tracked,ok,include,include,tracked project file
.env.example,tracked,ok,include,include,tracked project file
.gitignore,tracked,ok,include,include,tracked project file
AGENTS.md,tracked,ok,include,include,tracked project file
Dockerfile,tracked,ok,include,include,tracked project file
Makefile,tracked,ok,include,include,tracked project file
README.md,tracked,ok,include,include,tracked project file
README_START_HERE.md,tracked,ok,include,include,tracked project file
data/curated/v4_3/README.md,tracked,ok,include,include,tracked project file
data/curated/v4_3/factor_inputs/extracted/F-F_Momentum_Factor.csv,tracked,ok,include,include,tracked project file
data/curated/v4_3/factor_inputs/extracted/F-F_Research_Data_5_Factors_2x3.csv,tracked,ok,include,include,tracked project file
data/curated/v4_3/factor_inputs/parsed/factor_bundle_manifest.json,tracked,ok,include,include,tracked project file
data/curated/v4_3/factor_inputs/parsed/ff5_momentum_monthly.csv,tracked,ok,include,include,tracked project file
data/curated/v4_3/factor_inputs/parsed/ff5_monthly.csv,tracked,ok,include,include,tracked project file
data/curated/v4_3/factor_inputs/parsed/momentum_monthly.csv,tracked,ok,include,include,tracked project file
data/curated/v4_3/generated_exports/paper/generated/figures/legacy_r1_disclosure_volume_20260411_hybrid_api_a_conf49_main_v1.pdf,tracked,info,include_frozen_evidence,include_frozen_evidence,frozen v4.3 generated evidence used for reproduction comparison
data/curated/v4_3/generated_exports/paper/generated/latex/appendix_variable_definitions_20260412_hybrid_api_a_conf49_main_v1.tex,tracked,info,include_frozen_evidence,include_frozen_evidence,frozen v4.3 generated evidence used for reproduction comparison
data/curated/v4_3/generated_exports/paper/generated/latex/legacy_r1_summary_stats_20260412_hybrid_api_a_conf49_main_v2.tex,tracked,info,include_frozen_evidence,include_frozen_evidence,frozen v4.3 generated evidence used for reproduction comparison
data/curated/v4_3/generated_exports/paper/generated/latex/test_05_size_heterogeneity_20260411_hybrid_api_a_conf49_main_v1.tex,tracked,info,include_frozen_evidence,include_frozen_evidence,frozen v4.3 generated evidence used for reproduction comparison
data/curated/v4_3/generated_exports/paper/generated/tables/appendix_variable_definitions_20260412_hybrid_api_a_conf49_main_v1.csv,tracked,info,include_frozen_evidence,include_frozen_evidence,frozen v4.3 generated evidence used for reproduction comparison
data/curated/v4_3/generated_exports/paper/generated/tables/legacy_a1_mismatch_determinants_full_20260411_hybrid_api_a_conf49_main_v1.csv,tracked,info,include_frozen_evidence,include_frozen_evidence,frozen v4.3 generated evidence used for reproduction comparison
data/curated/v4_3/generated_exports/paper/generated/tables/legacy_a2_mismatch_intensity_20260411_hybrid_api_a_conf49_main_v1.csv,tracked,info,include_frozen_evidence,include_frozen_evidence,frozen v4.3 generated evidence used for reproduction comparison
data/curated/v4_3/generated_exports/paper/generated/tables/legacy_b1_measurement_audit_20260411_hybrid_api_a_conf49_main_v1.csv,tracked,info,include_frozen_evidence,include_frozen_evidence,frozen v4.3 generated evidence used for reproduction comparison
data/curated/v4_3/generated_exports/paper/generated/tables/legacy_b2_attrition_map_20260411_hybrid_api_a_conf49_main_v1.csv,tracked,info,include_frozen_evidence,include_frozen_evidence,frozen v4.3 generated evidence used for reproduction comparison
data/curated/v4_3/generated_exports/paper/generated/tables/legacy_classifier_risk_highconf_composition_20260411_hybrid_api_a_conf49_main_v1.csv,tracked,info,include_frozen_evidence,include_frozen_evidence,frozen v4.3 generated evidence used for reproduction comparison
data/curated/v4_3/generated_exports/paper/generated/tables/legacy_classifier_risk_highconf_mismatch_20260411_hybrid_api_a_conf49_main_v1.csv,tracked,info,include_frozen_evidence,include_frozen_evidence,frozen v4.3 generated evidence used for reproduction comparison
data/curated/v4_3/generated_exports/paper/generated/tables/legacy_r1_disclosure_volume_20260411_hybrid_api_a_conf49_main_v1_series.csv,tracked,info,include_frozen_evidence,include_frozen_evidence,frozen v4.3 generated evidence used for reproduction comparison
data/curated/v4_3/generated_exports/paper/generated/tables/legacy_r1_summary_stats_20260412_hybrid_api_a_conf49_main_v2.csv,tracked,info,include_frozen_evidence,include_frozen_evidence,frozen v4.3 generated evidence used for reproduction comparison
data/curated/v4_3/generated_exports/paper/generated/tables/legacy_r2_ai_focus_timing_20260411_hybrid_api_a_conf49_main_v1.csv,tracked,info,include_frozen_evidence,include_frozen_evidence,frozen v4.3 generated evidence used for reproduction comparison
data/curated/v4_3/generated_exports/paper/generated/tables/legacy_r4_actionable_patent_timing_20260411_hybrid_api_a_conf49_main_v1.csv,tracked,info,include_frozen_evidence,include_frozen_evidence,frozen v4.3 generated evidence used for reproduction comparison
data/curated/v4_3/generated_exports/paper/generated/tables/legacy_r5_speculative_patent_timing_20260411_hybrid_api_a_conf49_main_v1.csv,tracked,info,include_frozen_evidence,include_frozen_evidence,frozen v4.3 generated evidence used for reproduction comparison
data/curated/v4_3/generated_exports/paper/generated/tables/legacy_r7_as_mismatch_tplus2_20260411_hybrid_api_a_conf49_main_v1.csv,tracked,info,include_frozen_evidence,include_frozen_evidence,frozen v4.3 generated evidence used for reproduction comparison
data/curated/v4_3/generated_exports/paper/generated/tables/legacy_r8_mismatch_determinants_reduced_20260411_hybrid_api_a_conf49_main_v1.csv,tracked,info,include_frozen_evidence,include_frozen_evidence,frozen v4.3 generated evidence used for reproduction comparison
data/curated/v4_3/generated_exports/paper/generated/tables/test_05_size_heterogeneity_20260411_hybrid_api_a_conf49_main_v1.csv,tracked,info,include_frozen_evidence,include_frozen_evidence,frozen v4.3 generated evidence used for reproduction comparison
data/curated/v4_3/generated_exports/paper/generated/v3_1/figures/test_13_pre_post_event_path_20260422_aiw_v3_1_test_13_pre_post_event_path_main_v1.pdf,tracked,info,include_frozen_evidence,include_frozen_evidence,frozen v4.3 generated evidence used for reproduction comparison
data/curated/v4_3/generated_exports/paper/generated/v3_1/latex/test_09_factor_adjusted_alpha_20260422_aiw_v3_1_test_09_factor_adjusted_alpha_main_v1.tex,tracked,info,include_frozen_evidence,include_frozen_evidence,frozen v4.3 generated evidence used for reproduction comparison
data/curated/v4_3/generated_exports/paper/generated/v3_1/latex/test_12_predictive_return_controls_20260422_aiw_v3_1_test_12_predictive_return_controls_main_v1.tex,tracked,info,include_frozen_evidence,include_frozen_evidence,frozen v4.3 generated evidence used for reproduction comparison
data/curated/v4_3/generated_exports/paper/generated/v3_1/latex/test_15_matched_ai_talking_sample_20260422_aiw_v3_1_test_15_matched_ai_talking_sample_main_v1.tex,tracked,info,include_frozen_evidence,include_frozen_evidence,frozen v4.3 generated evidence used for reproduction comparison
data/curated/v4_3/generated_exports/paper/generated/v3_1/latex/test_16_construct_variant_screen_20260422_aiw_v3_1_test_16_construct_variant_screen_main_v1.tex,tracked,info,include_frozen_evidence,include_frozen_evidence,frozen v4.3 generated evidence used for reproduction comparison
data/curated/v4_3/generated_exports/paper/generated/v3_1/latex/test_17_real_outcome_dynamics_20260422_aiw_v3_1_test_17_real_outcome_dynamics_main_v1.tex,tracked,info,include_frozen_evidence,include_frozen_evidence,frozen v4.3 generated evidence used for reproduction comparison
data/curated/v4_3/generated_exports/paper/generated/v3_1/tables/test_09_factor_adjusted_alpha_20260422_aiw_v3_1_test_09_factor_adjusted_alpha_main_v1.csv,tracked,info,include_frozen_evidence,include_frozen_evidence,frozen v4.3 generated evidence used for reproduction comparison
data/curated/v4_3/generated_exports/paper/generated/v3_1/tables/test_12_predictive_return_controls_20260422_aiw_v3_1_test_12_predictive_return_controls_main_v1.csv,tracked,info,include_frozen_evidence,include_frozen_evidence,frozen v4.3 generated evidence used for reproduction comparison
data/curated/v4_3/generated_exports/paper/generated/v3_1/tables/test_13_pre_post_event_path_20260422_aiw_v3_1_test_13_pre_post_event_path_main_v1.csv,tracked,info,include_frozen_evidence,include_frozen_evidence,frozen v4.3 generated evidence used for reproduction comparison
data/curated/v4_3/generated_exports/paper/generated/v3_1/tables/test_15_matched_ai_talking_sample_20260422_aiw_v3_1_test_15_matched_ai_talking_sample_main_v1.csv,tracked,info,include_frozen_evidence,include_frozen_evidence,frozen v4.3 generated evidence used for reproduction comparison
data/curated/v4_3/generated_exports/paper/generated/v3_1/tables/test_16_construct_variant_screen_20260422_aiw_v3_1_test_16_construct_variant_screen_main_v1.csv,tracked,info,include_frozen_evidence,include_frozen_evidence,frozen v4.3 generated evidence used for reproduction comparison
data/curated/v4_3/generated_exports/paper/generated/v3_1/tables/test_17_real_outcome_dynamics_20260422_aiw_v3_1_test_17_real_outcome_dynamics_main_v1.csv,tracked,info,include_frozen_evidence,include_frozen_evidence,frozen v4.3 generated evidence used for reproduction comparison
data/curated/v4_3/generated_exports/paper/generated/v3_2/latex/test_20_comment_letter_cleanup_20260423_aiw_v3_2_test_20_comment_letter_cleanup_main_v1.tex,tracked,info,include_frozen_evidence,include_frozen_evidence,frozen v4.3 generated evidence used for reproduction comparison
data/curated/v4_3/generated_exports/paper/generated/v3_2/latex/test_25_exec_incentive_mismatch_20260423_aiw_v3_2_test_25_exec_incentive_mismatch_main_v1.tex,tracked,info,include_frozen_evidence,include_frozen_evidence,frozen v4.3 generated evidence used for reproduction comparison
data/curated/v4_3/generated_exports/paper/generated/v3_2/latex/test_29_sec_ai_washing_enforcement_did_20260423_aiw_v3_2_test_29_sec_ai_washing_enforcement_did_main_v1.tex,tracked,info,include_frozen_evidence,include_frozen_evidence,frozen v4.3 generated evidence used for reproduction comparison
data/curated/v4_3/generated_exports/paper/generated/v3_2/latex/test_30_capital_raising_timing_20260423_aiw_v3_2_test_30_capital_raising_timing_main_v1.tex,tracked,info,include_frozen_evidence,include_frozen_evidence,frozen v4.3 generated evidence used for reproduction comparison
data/curated/v4_3/generated_exports/paper/generated/v3_2/latex/test_32_market_reaction_in_issue_windows_20260423_aiw_v3_2_test_32_market_reaction_in_issue_windows_main_v1.tex,tracked,info,include_frozen_evidence,include_frozen_evidence,frozen v4.3 generated evidence used for reproduction comparison
data/curated/v4_3/generated_exports/paper/generated/v3_2/tables/test_20_comment_letter_cleanup_20260423_aiw_v3_2_test_20_comment_letter_cleanup_main_v1.csv,tracked,info,include_frozen_evidence,include_frozen_evidence,frozen v4.3 generated evidence used for reproduction comparison
data/curated/v4_3/generated_exports/paper/generated/v3_2/tables/test_25_exec_incentive_mismatch_20260423_aiw_v3_2_test_25_exec_incentive_mismatch_main_v1.csv,tracked,info,include_frozen_evidence,include_frozen_evidence,frozen v4.3 generated evidence used for reproduction comparison
data/curated/v4_3/generated_exports/paper/generated/v3_2/tables/test_29_sec_ai_washing_enforcement_did_20260423_aiw_v3_2_test_29_sec_ai_washing_enforcement_did_main_v1.csv,tracked,info,include_frozen_evidence,include_frozen_evidence,frozen v4.3 generated evidence used for reproduction comparison
data/curated/v4_3/generated_exports/paper/generated/v3_2/tables/test_30_capital_raising_timing_20260423_aiw_v3_2_test_30_capital_raising_timing_main_v1.csv,tracked,info,include_frozen_evidence,include_frozen_evidence,frozen v4.3 generated evidence used for reproduction comparison
data/curated/v4_3/generated_exports/paper/generated/v3_2/tables/test_32_market_reaction_in_issue_windows_20260423_aiw_v3_2_test_32_market_reaction_in_issue_windows_main_v1.csv,tracked,info,include_frozen_evidence,include_frozen_evidence,frozen v4.3 generated evidence used for reproduction comparison
data/curated/v4_3/generated_runs/appendix_variable_definitions/20260412_hybrid_api_a_conf49_main_v1/dataset_summary.json,tracked,info,include_frozen_evidence,include_frozen_evidence,frozen v4.3 generated evidence used for reproduction comparison
data/curated/v4_3/generated_runs/appendix_variable_definitions/20260412_hybrid_api_a_conf49_main_v1/result_notes.md,tracked,info,include_frozen_evidence,include_frozen_evidence,frozen v4.3 generated evidence used for reproduction comparison
data/curated/v4_3/generated_runs/appendix_variable_definitions/20260412_hybrid_api_a_conf49_main_v1/run_manifest.json,tracked,info,include_frozen_evidence,include_frozen_evidence,frozen v4.3 generated evidence used for reproduction comparison
data/curated/v4_3/generated_runs/appendix_variable_definitions/20260412_hybrid_api_a_conf49_main_v1/table_main.csv,tracked,info,include_frozen_evidence,include_frozen_evidence,frozen v4.3 generated evidence used for reproduction comparison
data/curated/v4_3/generated_runs/appendix_variable_definitions/20260412_hybrid_api_a_conf49_main_v1/table_main.docx,tracked,info,include_frozen_evidence,include_frozen_evidence,frozen v4.3 generated evidence used for reproduction comparison
data/curated/v4_3/generated_runs/appendix_variable_definitions/20260412_hybrid_api_a_conf49_main_v1/table_main.md,tracked,info,include_frozen_evidence,include_frozen_evidence,frozen v4.3 generated evidence used for reproduction comparison
data/curated/v4_3/generated_runs/appendix_variable_definitions/20260412_hybrid_api_a_conf49_main_v1/table_main.tex,tracked,info,include_frozen_evidence,include_frozen_evidence,frozen v4.3 generated evidence used for reproduction comparison
data/curated/v4_3/generated_runs/appendix_variable_definitions/20260412_hybrid_api_a_conf49_main_v1/writer_packet.md,tracked,info,include_frozen_evidence,include_frozen_evidence,frozen v4.3 generated evidence used for reproduction comparison
data/curated/v4_3/generated_runs/legacy_a1_mismatch_determinants_full/20260411_hybrid_api_a_conf49_main_v1/dataset_summary.json,tracked,info,include_frozen_evidence,include_frozen_evidence,frozen v4.3 generated evidence used for reproduction comparison
data/curated/v4_3/generated_runs/legacy_a1_mismatch_determinants_full/20260411_hybrid_api_a_conf49_main_v1/result_notes.md,tracked,info,include_frozen_evidence,include_frozen_evidence,frozen v4.3 generated evidence used for reproduction comparison
data/curated/v4_3/generated_runs/legacy_a1_mismatch_determinants_full/20260411_hybrid_api_a_conf49_main_v1/run_manifest.json,tracked,info,include_frozen_evidence,include_frozen_evidence,frozen v4.3 generated evidence used for reproduction comparison
data/curated/v4_3/generated_runs/legacy_a1_mismatch_determinants_full/20260411_hybrid_api_a_conf49_main_v1/table_main.csv,tracked,info,include_frozen_evidence,include_frozen_evidence,frozen v4.3 generated evidence used for reproduction comparison
data/curated/v4_3/generated_runs/legacy_a1_mismatch_determinants_full/20260411_hybrid_api_a_conf49_main_v1/table_main.docx,tracked,info,include_frozen_evidence,include_frozen_evidence,frozen v4.3 generated evidence used for reproduction comparison
data/curated/v4_3/generated_runs/legacy_a1_mismatch_determinants_full/20260411_hybrid_api_a_conf49_main_v1/table_main.md,tracked,info,include_frozen_evidence,include_frozen_evidence,frozen v4.3 generated evidence used for reproduction comparison
data/curated/v4_3/generated_runs/legacy_a1_mismatch_determinants_full/20260411_hybrid_api_a_conf49_main_v1/table_payload.json,tracked,info,include_frozen_evidence,include_frozen_evidence,frozen v4.3 generated evidence used for reproduction comparison
data/curated/v4_3/generated_runs/legacy_a1_mismatch_determinants_full/20260411_hybrid_api_a_conf49_main_v1/writer_packet.md,tracked,info,include_frozen_evidence,include_frozen_evidence,frozen v4.3 generated evidence used for reproduction comparison
data/curated/v4_3/generated_runs/legacy_a2_mismatch_intensity/20260411_hybrid_api_a_conf49_main_v1/dataset_summary.json,tracked,info,include_frozen_evidence,include_frozen_evidence,frozen v4.3 generated evidence used for reproduction comparison
data/curated/v4_3/generated_runs/legacy_a2_mismatch_intensity/20260411_hybrid_api_a_conf49_main_v1/result_notes.md,tracked,info,include_frozen_evidence,include_frozen_evidence,frozen v4.3 generated evidence used for reproduction comparison
data/curated/v4_3/generated_runs/legacy_a2_mismatch_intensity/20260411_hybrid_api_a_conf49_main_v1/run_manifest.json,tracked,info,include_frozen_evidence,include_frozen_evidence,frozen v4.3 generated evidence used for reproduction comparison
data/curated/v4_3/generated_runs/legacy_a2_mismatch_intensity/20260411_hybrid_api_a_conf49_main_v1/table_main.csv,tracked,info,include_frozen_evidence,include_frozen_evidence,frozen v4.3 generated evidence used for reproduction comparison
data/curated/v4_3/generated_runs/legacy_a2_mismatch_intensity/20260411_hybrid_api_a_conf49_main_v1/table_main.docx,tracked,info,include_frozen_evidence,include_frozen_evidence,frozen v4.3 generated evidence used for reproduction comparison
data/curated/v4_3/generated_runs/legacy_a2_mismatch_intensity/20260411_hybrid_api_a_conf49_main_v1/table_main.md,tracked,info,include_frozen_evidence,include_frozen_evidence,frozen v4.3 generated evidence used for reproduction comparison
data/curated/v4_3/generated_runs/legacy_a2_mismatch_intensity/20260411_hybrid_api_a_conf49_main_v1/table_payload.json,tracked,info,include_frozen_evidence,include_frozen_evidence,frozen v4.3 generated evidence used for reproduction comparison
data/curated/v4_3/generated_runs/legacy_a2_mismatch_intensity/20260411_hybrid_api_a_conf49_main_v1/writer_packet.md,tracked,info,include_frozen_evidence,include_frozen_evidence,frozen v4.3 generated evidence used for reproduction comparison
data/curated/v4_3/generated_runs/legacy_b1_measurement_audit/20260411_hybrid_api_a_conf49_main_v1/dataset_summary.json,tracked,info,include_frozen_evidence,include_frozen_evidence,frozen v4.3 generated evidence used for reproduction comparison
data/curated/v4_3/generated_runs/legacy_b1_measurement_audit/20260411_hybrid_api_a_conf49_main_v1/result_notes.md,tracked,info,include_frozen_evidence,include_frozen_evidence,frozen v4.3 generated evidence used for reproduction comparison
data/curated/v4_3/generated_runs/legacy_b1_measurement_audit/20260411_hybrid_api_a_conf49_main_v1/run_manifest.json,tracked,info,include_frozen_evidence,include_frozen_evidence,frozen v4.3 generated evidence used for reproduction comparison
data/curated/v4_3/generated_runs/legacy_b1_measurement_audit/20260411_hybrid_api_a_conf49_main_v1/table_main.csv,tracked,info,include_frozen_evidence,include_frozen_evidence,frozen v4.3 generated evidence used for reproduction comparison
data/curated/v4_3/generated_runs/legacy_b1_measurement_audit/20260411_hybrid_api_a_conf49_main_v1/table_main.docx,tracked,info,include_frozen_evidence,include_frozen_evidence,frozen v4.3 generated evidence used for reproduction comparison
data/curated/v4_3/generated_runs/legacy_b1_measurement_audit/20260411_hybrid_api_a_conf49_main_v1/table_main.md,tracked,info,include_frozen_evidence,include_frozen_evidence,frozen v4.3 generated evidence used for reproduction comparison
data/curated/v4_3/generated_runs/legacy_b1_measurement_audit/20260411_hybrid_api_a_conf49_main_v1/table_main.tex,tracked,info,include_frozen_evidence,include_frozen_evidence,frozen v4.3 generated evidence used for reproduction comparison
data/curated/v4_3/generated_runs/legacy_b1_measurement_audit/20260411_hybrid_api_a_conf49_main_v1/writer_packet.md,tracked,info,include_frozen_evidence,include_frozen_evidence,frozen v4.3 generated evidence used for reproduction comparison
data/curated/v4_3/generated_runs/legacy_b2_attrition_map/20260411_hybrid_api_a_conf49_main_v1/dataset_summary.json,tracked,info,include_frozen_evidence,include_frozen_evidence,frozen v4.3 generated evidence used for reproduction comparison
data/curated/v4_3/generated_runs/legacy_b2_attrition_map/20260411_hybrid_api_a_conf49_main_v1/result_notes.md,tracked,info,include_frozen_evidence,include_frozen_evidence,frozen v4.3 generated evidence used for reproduction comparison
data/curated/v4_3/generated_runs/legacy_b2_attrition_map/20260411_hybrid_api_a_conf49_main_v1/run_manifest.json,tracked,info,include_frozen_evidence,include_frozen_evidence,frozen v4.3 generated evidence used for reproduction comparison
data/curated/v4_3/generated_runs/legacy_b2_attrition_map/20260411_hybrid_api_a_conf49_main_v1/table_main.csv,tracked,info,include_frozen_evidence,include_frozen_evidence,frozen v4.3 generated evidence used for reproduction comparison
data/curated/v4_3/generated_runs/legacy_b2_attrition_map/20260411_hybrid_api_a_conf49_main_v1/table_main.docx,tracked,info,include_frozen_evidence,include_frozen_evidence,frozen v4.3 generated evidence used for reproduction comparison
data/curated/v4_3/generated_runs/legacy_b2_attrition_map/20260411_hybrid_api_a_conf49_main_v1/table_main.md,tracked,info,include_frozen_evidence,include_frozen_evidence,frozen v4.3 generated evidence used for reproduction comparison
data/curated/v4_3/generated_runs/legacy_b2_attrition_map/20260411_hybrid_api_a_conf49_main_v1/table_main.tex,tracked,info,include_frozen_evidence,include_frozen_evidence,frozen v4.3 generated evidence used for reproduction comparison
data/curated/v4_3/generated_runs/legacy_b2_attrition_map/20260411_hybrid_api_a_conf49_main_v1/writer_packet.md,tracked,info,include_frozen_evidence,include_frozen_evidence,frozen v4.3 generated evidence used for reproduction comparison
data/curated/v4_3/generated_runs/legacy_classifier_risk_highconf/20260411_hybrid_api_a_conf49_main_v1/dataset_summary.json,tracked,info,include_frozen_evidence,include_frozen_evidence,frozen v4.3 generated evidence used for reproduction comparison
data/curated/v4_3/generated_runs/legacy_classifier_risk_highconf/20260411_hybrid_api_a_conf49_main_v1/legacy_classifier_risk_highconf_composition.csv,tracked,info,include_frozen_evidence,include_frozen_evidence,frozen v4.3 generated evidence used for reproduction comparison
data/curated/v4_3/generated_runs/legacy_classifier_risk_highconf/20260411_hybrid_api_a_conf49_main_v1/legacy_classifier_risk_highconf_composition.docx,tracked,info,include_frozen_evidence,include_frozen_evidence,frozen v4.3 generated evidence used for reproduction comparison
data/curated/v4_3/generated_runs/legacy_classifier_risk_highconf/20260411_hybrid_api_a_conf49_main_v1/legacy_classifier_risk_highconf_composition.md,tracked,info,include_frozen_evidence,include_frozen_evidence,frozen v4.3 generated evidence used for reproduction comparison
data/curated/v4_3/generated_runs/legacy_classifier_risk_highconf/20260411_hybrid_api_a_conf49_main_v1/legacy_classifier_risk_highconf_composition_payload.json,tracked,info,include_frozen_evidence,include_frozen_evidence,frozen v4.3 generated evidence used for reproduction comparison
data/curated/v4_3/generated_runs/legacy_classifier_risk_highconf/20260411_hybrid_api_a_conf49_main_v1/legacy_classifier_risk_highconf_mismatch.csv,tracked,info,include_frozen_evidence,include_frozen_evidence,frozen v4.3 generated evidence used for reproduction comparison
data/curated/v4_3/generated_runs/legacy_classifier_risk_highconf/20260411_hybrid_api_a_conf49_main_v1/legacy_classifier_risk_highconf_mismatch.docx,tracked,info,include_frozen_evidence,include_frozen_evidence,frozen v4.3 generated evidence used for reproduction comparison
data/curated/v4_3/generated_runs/legacy_classifier_risk_highconf/20260411_hybrid_api_a_conf49_main_v1/legacy_classifier_risk_highconf_mismatch.md,tracked,info,include_frozen_evidence,include_frozen_evidence,frozen v4.3 generated evidence used for reproduction comparison
data/curated/v4_3/generated_runs/legacy_classifier_risk_highconf/20260411_hybrid_api_a_conf49_main_v1/legacy_classifier_risk_highconf_mismatch_payload.json,tracked,info,include_frozen_evidence,include_frozen_evidence,frozen v4.3 generated evidence used for reproduction comparison
data/curated/v4_3/generated_runs/legacy_classifier_risk_highconf/20260411_hybrid_api_a_conf49_main_v1/result_notes.md,tracked,info,include_frozen_evidence,include_frozen_evidence,frozen v4.3 generated evidence used for reproduction comparison
data/curated/v4_3/generated_runs/legacy_classifier_risk_highconf/20260411_hybrid_api_a_conf49_main_v1/run_manifest.json,tracked,info,include_frozen_evidence,include_frozen_evidence,frozen v4.3 generated evidence used for reproduction comparison
data/curated/v4_3/generated_runs/legacy_classifier_risk_highconf/20260411_hybrid_api_a_conf49_main_v1/writer_packet.md,tracked,info,include_frozen_evidence,include_frozen_evidence,frozen v4.3 generated evidence used for reproduction comparison
data/curated/v4_3/generated_runs/legacy_r1_disclosure_volume/20260411_hybrid_api_a_conf49_main_v1/dataset_summary.json,tracked,info,include_frozen_evidence,include_frozen_evidence,frozen v4.3 generated evidence used for reproduction comparison
data/curated/v4_3/generated_runs/legacy_r1_disclosure_volume/20260411_hybrid_api_a_conf49_main_v1/figure_main.docx,tracked,info,include_frozen_evidence,include_frozen_evidence,frozen v4.3 generated evidence used for reproduction comparison
data/curated/v4_3/generated_runs/legacy_r1_disclosure_volume/20260411_hybrid_api_a_conf49_main_v1/figure_main.pdf,tracked,info,include_frozen_evidence,include_frozen_evidence,frozen v4.3 generated evidence used for reproduction comparison
data/curated/v4_3/generated_runs/legacy_r1_disclosure_volume/20260411_hybrid_api_a_conf49_main_v1/figure_main.png,tracked,info,include_frozen_evidence,include_frozen_evidence,frozen v4.3 generated evidence used for reproduction comparison
data/curated/v4_3/generated_runs/legacy_r1_disclosure_volume/20260411_hybrid_api_a_conf49_main_v1/figure_series.csv,tracked,info,include_frozen_evidence,include_frozen_evidence,frozen v4.3 generated evidence used for reproduction comparison
data/curated/v4_3/generated_runs/legacy_r1_disclosure_volume/20260411_hybrid_api_a_conf49_main_v1/result_notes.md,tracked,info,include_frozen_evidence,include_frozen_evidence,frozen v4.3 generated evidence used for reproduction comparison
data/curated/v4_3/generated_runs/legacy_r1_disclosure_volume/20260411_hybrid_api_a_conf49_main_v1/run_manifest.json,tracked,info,include_frozen_evidence,include_frozen_evidence,frozen v4.3 generated evidence used for reproduction comparison
data/curated/v4_3/generated_runs/legacy_r1_disclosure_volume/20260411_hybrid_api_a_conf49_main_v1/writer_packet.md,tracked,info,include_frozen_evidence,include_frozen_evidence,frozen v4.3 generated evidence used for reproduction comparison
data/curated/v4_3/generated_runs/legacy_r1_summary_stats/20260412_hybrid_api_a_conf49_main_v2/dataset_summary.json,tracked,info,include_frozen_evidence,include_frozen_evidence,frozen v4.3 generated evidence used for reproduction comparison
data/curated/v4_3/generated_runs/legacy_r1_summary_stats/20260412_hybrid_api_a_conf49_main_v2/panel_a_coverage.csv,tracked,info,include_frozen_evidence,include_frozen_evidence,frozen v4.3 generated evidence used for reproduction comparison
data/curated/v4_3/generated_runs/legacy_r1_summary_stats/20260412_hybrid_api_a_conf49_main_v2/panel_b_annual_summary.csv,tracked,info,include_frozen_evidence,include_frozen_evidence,frozen v4.3 generated evidence used for reproduction comparison
data/curated/v4_3/generated_runs/legacy_r1_summary_stats/20260412_hybrid_api_a_conf49_main_v2/panel_c_event_summary.csv,tracked,info,include_frozen_evidence,include_frozen_evidence,frozen v4.3 generated evidence used for reproduction comparison
data/curated/v4_3/generated_runs/legacy_r1_summary_stats/20260412_hybrid_api_a_conf49_main_v2/result_notes.md,tracked,info,include_frozen_evidence,include_frozen_evidence,frozen v4.3 generated evidence used for reproduction comparison
data/curated/v4_3/generated_runs/legacy_r1_summary_stats/20260412_hybrid_api_a_conf49_main_v2/run_manifest.json,tracked,info,include_frozen_evidence,include_frozen_evidence,frozen v4.3 generated evidence used for reproduction comparison
data/curated/v4_3/generated_runs/legacy_r1_summary_stats/20260412_hybrid_api_a_conf49_main_v2/table_main.csv,tracked,info,include_frozen_evidence,include_frozen_evidence,frozen v4.3 generated evidence used for reproduction comparison
data/curated/v4_3/generated_runs/legacy_r1_summary_stats/20260412_hybrid_api_a_conf49_main_v2/table_main.docx,tracked,info,include_frozen_evidence,include_frozen_evidence,frozen v4.3 generated evidence used for reproduction comparison
data/curated/v4_3/generated_runs/legacy_r1_summary_stats/20260412_hybrid_api_a_conf49_main_v2/table_main.md,tracked,info,include_frozen_evidence,include_frozen_evidence,frozen v4.3 generated evidence used for reproduction comparison
data/curated/v4_3/generated_runs/legacy_r1_summary_stats/20260412_hybrid_api_a_conf49_main_v2/table_main.tex,tracked,info,include_frozen_evidence,include_frozen_evidence,frozen v4.3 generated evidence used for reproduction comparison
data/curated/v4_3/generated_runs/legacy_r1_summary_stats/20260412_hybrid_api_a_conf49_main_v2/writer_packet.md,tracked,info,include_frozen_evidence,include_frozen_evidence,frozen v4.3 generated evidence used for reproduction comparison
data/curated/v4_3/generated_runs/legacy_r2_ai_focus_timing/20260411_hybrid_api_a_conf49_main_v1/dataset_summary.json,tracked,info,include_frozen_evidence,include_frozen_evidence,frozen v4.3 generated evidence used for reproduction comparison
data/curated/v4_3/generated_runs/legacy_r2_ai_focus_timing/20260411_hybrid_api_a_conf49_main_v1/result_notes.md,tracked,info,include_frozen_evidence,include_frozen_evidence,frozen v4.3 generated evidence used for reproduction comparison
data/curated/v4_3/generated_runs/legacy_r2_ai_focus_timing/20260411_hybrid_api_a_conf49_main_v1/run_manifest.json,tracked,info,include_frozen_evidence,include_frozen_evidence,frozen v4.3 generated evidence used for reproduction comparison
data/curated/v4_3/generated_runs/legacy_r2_ai_focus_timing/20260411_hybrid_api_a_conf49_main_v1/table_main.csv,tracked,info,include_frozen_evidence,include_frozen_evidence,frozen v4.3 generated evidence used for reproduction comparison
data/curated/v4_3/generated_runs/legacy_r2_ai_focus_timing/20260411_hybrid_api_a_conf49_main_v1/table_main.docx,tracked,info,include_frozen_evidence,include_frozen_evidence,frozen v4.3 generated evidence used for reproduction comparison
data/curated/v4_3/generated_runs/legacy_r2_ai_focus_timing/20260411_hybrid_api_a_conf49_main_v1/table_main.md,tracked,info,include_frozen_evidence,include_frozen_evidence,frozen v4.3 generated evidence used for reproduction comparison
data/curated/v4_3/generated_runs/legacy_r2_ai_focus_timing/20260411_hybrid_api_a_conf49_main_v1/table_payload.json,tracked,info,include_frozen_evidence,include_frozen_evidence,frozen v4.3 generated evidence used for reproduction comparison
data/curated/v4_3/generated_runs/legacy_r2_ai_focus_timing/20260411_hybrid_api_a_conf49_main_v1/writer_packet.md,tracked,info,include_frozen_evidence,include_frozen_evidence,frozen v4.3 generated evidence used for reproduction comparison
data/curated/v4_3/generated_runs/legacy_r4_actionable_patent_timing/20260411_hybrid_api_a_conf49_main_v1/dataset_summary.json,tracked,info,include_frozen_evidence,include_frozen_evidence,frozen v4.3 generated evidence used for reproduction comparison
data/curated/v4_3/generated_runs/legacy_r4_actionable_patent_timing/20260411_hybrid_api_a_conf49_main_v1/result_notes.md,tracked,info,include_frozen_evidence,include_frozen_evidence,frozen v4.3 generated evidence used for reproduction comparison
data/curated/v4_3/generated_runs/legacy_r4_actionable_patent_timing/20260411_hybrid_api_a_conf49_main_v1/run_manifest.json,tracked,info,include_frozen_evidence,include_frozen_evidence,frozen v4.3 generated evidence used for reproduction comparison
data/curated/v4_3/generated_runs/legacy_r4_actionable_patent_timing/20260411_hybrid_api_a_conf49_main_v1/table_main.csv,tracked,info,include_frozen_evidence,include_frozen_evidence,frozen v4.3 generated evidence used for reproduction comparison
data/curated/v4_3/generated_runs/legacy_r4_actionable_patent_timing/20260411_hybrid_api_a_conf49_main_v1/table_main.docx,tracked,info,include_frozen_evidence,include_frozen_evidence,frozen v4.3 generated evidence used for reproduction comparison
data/curated/v4_3/generated_runs/legacy_r4_actionable_patent_timing/20260411_hybrid_api_a_conf49_main_v1/table_main.md,tracked,info,include_frozen_evidence,include_frozen_evidence,frozen v4.3 generated evidence used for reproduction comparison
data/curated/v4_3/generated_runs/legacy_r4_actionable_patent_timing/20260411_hybrid_api_a_conf49_main_v1/table_payload.json,tracked,info,include_frozen_evidence,include_frozen_evidence,frozen v4.3 generated evidence used for reproduction comparison
data/curated/v4_3/generated_runs/legacy_r4_actionable_patent_timing/20260411_hybrid_api_a_conf49_main_v1/writer_packet.md,tracked,info,include_frozen_evidence,include_frozen_evidence,frozen v4.3 generated evidence used for reproduction comparison
data/curated/v4_3/generated_runs/legacy_r5_speculative_patent_timing/20260411_hybrid_api_a_conf49_main_v1/dataset_summary.json,tracked,info,include_frozen_evidence,include_frozen_evidence,frozen v4.3 generated evidence used for reproduction comparison
data/curated/v4_3/generated_runs/legacy_r5_speculative_patent_timing/20260411_hybrid_api_a_conf49_main_v1/result_notes.md,tracked,info,include_frozen_evidence,include_frozen_evidence,frozen v4.3 generated evidence used for reproduction comparison
data/curated/v4_3/generated_runs/legacy_r5_speculative_patent_timing/20260411_hybrid_api_a_conf49_main_v1/run_manifest.json,tracked,info,include_frozen_evidence,include_frozen_evidence,frozen v4.3 generated evidence used for reproduction comparison
data/curated/v4_3/generated_runs/legacy_r5_speculative_patent_timing/20260411_hybrid_api_a_conf49_main_v1/table_main.csv,tracked,info,include_frozen_evidence,include_frozen_evidence,frozen v4.3 generated evidence used for reproduction comparison
data/curated/v4_3/generated_runs/legacy_r5_speculative_patent_timing/20260411_hybrid_api_a_conf49_main_v1/table_main.docx,tracked,info,include_frozen_evidence,include_frozen_evidence,frozen v4.3 generated evidence used for reproduction comparison
data/curated/v4_3/generated_runs/legacy_r5_speculative_patent_timing/20260411_hybrid_api_a_conf49_main_v1/table_main.md,tracked,info,include_frozen_evidence,include_frozen_evidence,frozen v4.3 generated evidence used for reproduction comparison
data/curated/v4_3/generated_runs/legacy_r5_speculative_patent_timing/20260411_hybrid_api_a_conf49_main_v1/table_payload.json,tracked,info,include_frozen_evidence,include_frozen_evidence,frozen v4.3 generated evidence used for reproduction comparison
data/curated/v4_3/generated_runs/legacy_r5_speculative_patent_timing/20260411_hybrid_api_a_conf49_main_v1/writer_packet.md,tracked,info,include_frozen_evidence,include_frozen_evidence,frozen v4.3 generated evidence used for reproduction comparison
data/curated/v4_3/generated_runs/legacy_r7_as_mismatch_tplus2/20260411_hybrid_api_a_conf49_main_v1/dataset_summary.json,tracked,info,include_frozen_evidence,include_frozen_evidence,frozen v4.3 generated evidence used for reproduction comparison
data/curated/v4_3/generated_runs/legacy_r7_as_mismatch_tplus2/20260411_hybrid_api_a_conf49_main_v1/result_notes.md,tracked,info,include_frozen_evidence,include_frozen_evidence,frozen v4.3 generated evidence used for reproduction comparison
data/curated/v4_3/generated_runs/legacy_r7_as_mismatch_tplus2/20260411_hybrid_api_a_conf49_main_v1/run_manifest.json,tracked,info,include_frozen_evidence,include_frozen_evidence,frozen v4.3 generated evidence used for reproduction comparison
data/curated/v4_3/generated_runs/legacy_r7_as_mismatch_tplus2/20260411_hybrid_api_a_conf49_main_v1/table_main.csv,tracked,info,include_frozen_evidence,include_frozen_evidence,frozen v4.3 generated evidence used for reproduction comparison
data/curated/v4_3/generated_runs/legacy_r7_as_mismatch_tplus2/20260411_hybrid_api_a_conf49_main_v1/table_main.docx,tracked,info,include_frozen_evidence,include_frozen_evidence,frozen v4.3 generated evidence used for reproduction comparison
data/curated/v4_3/generated_runs/legacy_r7_as_mismatch_tplus2/20260411_hybrid_api_a_conf49_main_v1/table_main.md,tracked,info,include_frozen_evidence,include_frozen_evidence,frozen v4.3 generated evidence used for reproduction comparison
data/curated/v4_3/generated_runs/legacy_r7_as_mismatch_tplus2/20260411_hybrid_api_a_conf49_main_v1/table_payload.json,tracked,info,include_frozen_evidence,include_frozen_evidence,frozen v4.3 generated evidence used for reproduction comparison
data/curated/v4_3/generated_runs/legacy_r7_as_mismatch_tplus2/20260411_hybrid_api_a_conf49_main_v1/writer_packet.md,tracked,info,include_frozen_evidence,include_frozen_evidence,frozen v4.3 generated evidence used for reproduction comparison
data/curated/v4_3/generated_runs/legacy_r8_mismatch_determinants_reduced/20260411_hybrid_api_a_conf49_main_v1/dataset_summary.json,tracked,info,include_frozen_evidence,include_frozen_evidence,frozen v4.3 generated evidence used for reproduction comparison
data/curated/v4_3/generated_runs/legacy_r8_mismatch_determinants_reduced/20260411_hybrid_api_a_conf49_main_v1/result_notes.md,tracked,info,include_frozen_evidence,include_frozen_evidence,frozen v4.3 generated evidence used for reproduction comparison
data/curated/v4_3/generated_runs/legacy_r8_mismatch_determinants_reduced/20260411_hybrid_api_a_conf49_main_v1/run_manifest.json,tracked,info,include_frozen_evidence,include_frozen_evidence,frozen v4.3 generated evidence used for reproduction comparison
data/curated/v4_3/generated_runs/legacy_r8_mismatch_determinants_reduced/20260411_hybrid_api_a_conf49_main_v1/table_main.csv,tracked,info,include_frozen_evidence,include_frozen_evidence,frozen v4.3 generated evidence used for reproduction comparison
data/curated/v4_3/generated_runs/legacy_r8_mismatch_determinants_reduced/20260411_hybrid_api_a_conf49_main_v1/table_main.docx,tracked,info,include_frozen_evidence,include_frozen_evidence,frozen v4.3 generated evidence used for reproduction comparison
data/curated/v4_3/generated_runs/legacy_r8_mismatch_determinants_reduced/20260411_hybrid_api_a_conf49_main_v1/table_main.md,tracked,info,include_frozen_evidence,include_frozen_evidence,frozen v4.3 generated evidence used for reproduction comparison
data/curated/v4_3/generated_runs/legacy_r8_mismatch_determinants_reduced/20260411_hybrid_api_a_conf49_main_v1/table_payload.json,tracked,info,include_frozen_evidence,include_frozen_evidence,frozen v4.3 generated evidence used for reproduction comparison
data/curated/v4_3/generated_runs/legacy_r8_mismatch_determinants_reduced/20260411_hybrid_api_a_conf49_main_v1/writer_packet.md,tracked,info,include_frozen_evidence,include_frozen_evidence,frozen v4.3 generated evidence used for reproduction comparison
data/curated/v4_3/generated_runs/test_05_size_heterogeneity/20260411_hybrid_api_a_conf49_main_v1/dataset_summary.json,tracked,info,include_frozen_evidence,include_frozen_evidence,frozen v4.3 generated evidence used for reproduction comparison
data/curated/v4_3/generated_runs/test_05_size_heterogeneity/20260411_hybrid_api_a_conf49_main_v1/figure_main.pdf,tracked,info,include_frozen_evidence,include_frozen_evidence,frozen v4.3 generated evidence used for reproduction comparison
data/curated/v4_3/generated_runs/test_05_size_heterogeneity/20260411_hybrid_api_a_conf49_main_v1/figure_main.png,tracked,info,include_frozen_evidence,include_frozen_evidence,frozen v4.3 generated evidence used for reproduction comparison
data/curated/v4_3/generated_runs/test_05_size_heterogeneity/20260411_hybrid_api_a_conf49_main_v1/figure_series.csv,tracked,info,include_frozen_evidence,include_frozen_evidence,frozen v4.3 generated evidence used for reproduction comparison
data/curated/v4_3/generated_runs/test_05_size_heterogeneity/20260411_hybrid_api_a_conf49_main_v1/result_notes.md,tracked,info,include_frozen_evidence,include_frozen_evidence,frozen v4.3 generated evidence used for reproduction comparison
data/curated/v4_3/generated_runs/test_05_size_heterogeneity/20260411_hybrid_api_a_conf49_main_v1/run_manifest.json,tracked,info,include_frozen_evidence,include_frozen_evidence,frozen v4.3 generated evidence used for reproduction comparison
data/curated/v4_3/generated_runs/test_05_size_heterogeneity/20260411_hybrid_api_a_conf49_main_v1/table_main.csv,tracked,info,include_frozen_evidence,include_frozen_evidence,frozen v4.3 generated evidence used for reproduction comparison
data/curated/v4_3/generated_runs/test_05_size_heterogeneity/20260411_hybrid_api_a_conf49_main_v1/table_main.docx,tracked,info,include_frozen_evidence,include_frozen_evidence,frozen v4.3 generated evidence used for reproduction comparison
data/curated/v4_3/generated_runs/test_05_size_heterogeneity/20260411_hybrid_api_a_conf49_main_v1/table_main.md,tracked,info,include_frozen_evidence,include_frozen_evidence,frozen v4.3 generated evidence used for reproduction comparison
data/curated/v4_3/generated_runs/test_05_size_heterogeneity/20260411_hybrid_api_a_conf49_main_v1/table_main.tex,tracked,info,include_frozen_evidence,include_frozen_evidence,frozen v4.3 generated evidence used for reproduction comparison
data/curated/v4_3/generated_runs/test_05_size_heterogeneity/20260411_hybrid_api_a_conf49_main_v1/writer_packet.md,tracked,info,include_frozen_evidence,include_frozen_evidence,frozen v4.3 generated evidence used for reproduction comparison
data/curated/v4_3/generated_runs/test_09_factor_adjusted_alpha/20260422_aiw_v3_1_test_09_factor_adjusted_alpha_main_v1/dataset_summary.json,tracked,info,include_frozen_evidence,include_frozen_evidence,frozen v4.3 generated evidence used for reproduction comparison
data/curated/v4_3/generated_runs/test_09_factor_adjusted_alpha/20260422_aiw_v3_1_test_09_factor_adjusted_alpha_main_v1/figure_main.pdf,tracked,info,include_frozen_evidence,include_frozen_evidence,frozen v4.3 generated evidence used for reproduction comparison
data/curated/v4_3/generated_runs/test_09_factor_adjusted_alpha/20260422_aiw_v3_1_test_09_factor_adjusted_alpha_main_v1/figure_main.png,tracked,info,include_frozen_evidence,include_frozen_evidence,frozen v4.3 generated evidence used for reproduction comparison
data/curated/v4_3/generated_runs/test_09_factor_adjusted_alpha/20260422_aiw_v3_1_test_09_factor_adjusted_alpha_main_v1/figure_series.csv,tracked,info,include_frozen_evidence,include_frozen_evidence,frozen v4.3 generated evidence used for reproduction comparison
data/curated/v4_3/generated_runs/test_09_factor_adjusted_alpha/20260422_aiw_v3_1_test_09_factor_adjusted_alpha_main_v1/result_notes.md,tracked,info,include_frozen_evidence,include_frozen_evidence,frozen v4.3 generated evidence used for reproduction comparison
data/curated/v4_3/generated_runs/test_09_factor_adjusted_alpha/20260422_aiw_v3_1_test_09_factor_adjusted_alpha_main_v1/run_manifest.json,tracked,info,include_frozen_evidence,include_frozen_evidence,frozen v4.3 generated evidence used for reproduction comparison
data/curated/v4_3/generated_runs/test_09_factor_adjusted_alpha/20260422_aiw_v3_1_test_09_factor_adjusted_alpha_main_v1/table_main.csv,tracked,info,include_frozen_evidence,include_frozen_evidence,frozen v4.3 generated evidence used for reproduction comparison
data/curated/v4_3/generated_runs/test_09_factor_adjusted_alpha/20260422_aiw_v3_1_test_09_factor_adjusted_alpha_main_v1/table_main.docx,tracked,info,include_frozen_evidence,include_frozen_evidence,frozen v4.3 generated evidence used for reproduction comparison
data/curated/v4_3/generated_runs/test_09_factor_adjusted_alpha/20260422_aiw_v3_1_test_09_factor_adjusted_alpha_main_v1/table_main.md,tracked,info,include_frozen_evidence,include_frozen_evidence,frozen v4.3 generated evidence used for reproduction comparison
data/curated/v4_3/generated_runs/test_09_factor_adjusted_alpha/20260422_aiw_v3_1_test_09_factor_adjusted_alpha_main_v1/table_main.tex,tracked,info,include_frozen_evidence,include_frozen_evidence,frozen v4.3 generated evidence used for reproduction comparison
data/curated/v4_3/generated_runs/test_09_factor_adjusted_alpha/20260422_aiw_v3_1_test_09_factor_adjusted_alpha_main_v1/writer_packet.md,tracked,info,include_frozen_evidence,include_frozen_evidence,frozen v4.3 generated evidence used for reproduction comparison
data/curated/v4_3/generated_runs/test_12_predictive_return_controls/20260422_aiw_v3_1_test_12_predictive_return_controls_main_v1/dataset_summary.json,tracked,info,include_frozen_evidence,include_frozen_evidence,frozen v4.3 generated evidence used for reproduction comparison
data/curated/v4_3/generated_runs/test_12_predictive_return_controls/20260422_aiw_v3_1_test_12_predictive_return_controls_main_v1/result_notes.md,tracked,info,include_frozen_evidence,include_frozen_evidence,frozen v4.3 generated evidence used for reproduction comparison
data/curated/v4_3/generated_runs/test_12_predictive_return_controls/20260422_aiw_v3_1_test_12_predictive_return_controls_main_v1/run_manifest.json,tracked,info,include_frozen_evidence,include_frozen_evidence,frozen v4.3 generated evidence used for reproduction comparison
data/curated/v4_3/generated_runs/test_12_predictive_return_controls/20260422_aiw_v3_1_test_12_predictive_return_controls_main_v1/table_main.csv,tracked,info,include_frozen_evidence,include_frozen_evidence,frozen v4.3 generated evidence used for reproduction comparison
data/curated/v4_3/generated_runs/test_12_predictive_return_controls/20260422_aiw_v3_1_test_12_predictive_return_controls_main_v1/table_main.docx,tracked,info,include_frozen_evidence,include_frozen_evidence,frozen v4.3 generated evidence used for reproduction comparison
data/curated/v4_3/generated_runs/test_12_predictive_return_controls/20260422_aiw_v3_1_test_12_predictive_return_controls_main_v1/table_main.md,tracked,info,include_frozen_evidence,include_frozen_evidence,frozen v4.3 generated evidence used for reproduction comparison
data/curated/v4_3/generated_runs/test_12_predictive_return_controls/20260422_aiw_v3_1_test_12_predictive_return_controls_main_v1/table_main.tex,tracked,info,include_frozen_evidence,include_frozen_evidence,frozen v4.3 generated evidence used for reproduction comparison
data/curated/v4_3/generated_runs/test_12_predictive_return_controls/20260422_aiw_v3_1_test_12_predictive_return_controls_main_v1/writer_packet.md,tracked,info,include_frozen_evidence,include_frozen_evidence,frozen v4.3 generated evidence used for reproduction comparison
data/curated/v4_3/generated_runs/test_13_pre_post_event_path/20260422_aiw_v3_1_test_13_pre_post_event_path_main_v1/dataset_summary.json,tracked,info,include_frozen_evidence,include_frozen_evidence,frozen v4.3 generated evidence used for reproduction comparison
data/curated/v4_3/generated_runs/test_13_pre_post_event_path/20260422_aiw_v3_1_test_13_pre_post_event_path_main_v1/figure_series.csv,tracked,info,include_frozen_evidence,include_frozen_evidence,frozen v4.3 generated evidence used for reproduction comparison
data/curated/v4_3/generated_runs/test_13_pre_post_event_path/20260422_aiw_v3_1_test_13_pre_post_event_path_main_v1/main_figure.pdf,tracked,info,include_frozen_evidence,include_frozen_evidence,frozen v4.3 generated evidence used for reproduction comparison
data/curated/v4_3/generated_runs/test_13_pre_post_event_path/20260422_aiw_v3_1_test_13_pre_post_event_path_main_v1/main_figure.png,tracked,info,include_frozen_evidence,include_frozen_evidence,frozen v4.3 generated evidence used for reproduction comparison
data/curated/v4_3/generated_runs/test_13_pre_post_event_path/20260422_aiw_v3_1_test_13_pre_post_event_path_main_v1/result_notes.md,tracked,info,include_frozen_evidence,include_frozen_evidence,frozen v4.3 generated evidence used for reproduction comparison
data/curated/v4_3/generated_runs/test_13_pre_post_event_path/20260422_aiw_v3_1_test_13_pre_post_event_path_main_v1/run_manifest.json,tracked,info,include_frozen_evidence,include_frozen_evidence,frozen v4.3 generated evidence used for reproduction comparison
data/curated/v4_3/generated_runs/test_13_pre_post_event_path/20260422_aiw_v3_1_test_13_pre_post_event_path_main_v1/table_main.csv,tracked,info,include_frozen_evidence,include_frozen_evidence,frozen v4.3 generated evidence used for reproduction comparison
data/curated/v4_3/generated_runs/test_13_pre_post_event_path/20260422_aiw_v3_1_test_13_pre_post_event_path_main_v1/table_main.docx,tracked,info,include_frozen_evidence,include_frozen_evidence,frozen v4.3 generated evidence used for reproduction comparison
data/curated/v4_3/generated_runs/test_13_pre_post_event_path/20260422_aiw_v3_1_test_13_pre_post_event_path_main_v1/table_main.md,tracked,info,include_frozen_evidence,include_frozen_evidence,frozen v4.3 generated evidence used for reproduction comparison
data/curated/v4_3/generated_runs/test_13_pre_post_event_path/20260422_aiw_v3_1_test_13_pre_post_event_path_main_v1/table_main.tex,tracked,info,include_frozen_evidence,include_frozen_evidence,frozen v4.3 generated evidence used for reproduction comparison
data/curated/v4_3/generated_runs/test_13_pre_post_event_path/20260422_aiw_v3_1_test_13_pre_post_event_path_main_v1/writer_packet.md,tracked,info,include_frozen_evidence,include_frozen_evidence,frozen v4.3 generated evidence used for reproduction comparison
data/curated/v4_3/generated_runs/test_15_matched_ai_talking_sample/20260422_aiw_v3_1_test_15_matched_ai_talking_sample_main_v1/dataset_summary.json,tracked,info,include_frozen_evidence,include_frozen_evidence,frozen v4.3 generated evidence used for reproduction comparison
data/curated/v4_3/generated_runs/test_15_matched_ai_talking_sample/20260422_aiw_v3_1_test_15_matched_ai_talking_sample_main_v1/figure_series.csv,tracked,info,include_frozen_evidence,include_frozen_evidence,frozen v4.3 generated evidence used for reproduction comparison
data/curated/v4_3/generated_runs/test_15_matched_ai_talking_sample/20260422_aiw_v3_1_test_15_matched_ai_talking_sample_main_v1/main_figure.pdf,tracked,info,include_frozen_evidence,include_frozen_evidence,frozen v4.3 generated evidence used for reproduction comparison
data/curated/v4_3/generated_runs/test_15_matched_ai_talking_sample/20260422_aiw_v3_1_test_15_matched_ai_talking_sample_main_v1/main_figure.png,tracked,info,include_frozen_evidence,include_frozen_evidence,frozen v4.3 generated evidence used for reproduction comparison
data/curated/v4_3/generated_runs/test_15_matched_ai_talking_sample/20260422_aiw_v3_1_test_15_matched_ai_talking_sample_main_v1/result_notes.md,tracked,info,include_frozen_evidence,include_frozen_evidence,frozen v4.3 generated evidence used for reproduction comparison
data/curated/v4_3/generated_runs/test_15_matched_ai_talking_sample/20260422_aiw_v3_1_test_15_matched_ai_talking_sample_main_v1/run_manifest.json,tracked,info,include_frozen_evidence,include_frozen_evidence,frozen v4.3 generated evidence used for reproduction comparison
data/curated/v4_3/generated_runs/test_15_matched_ai_talking_sample/20260422_aiw_v3_1_test_15_matched_ai_talking_sample_main_v1/table_main.csv,tracked,info,include_frozen_evidence,include_frozen_evidence,frozen v4.3 generated evidence used for reproduction comparison
data/curated/v4_3/generated_runs/test_15_matched_ai_talking_sample/20260422_aiw_v3_1_test_15_matched_ai_talking_sample_main_v1/table_main.docx,tracked,info,include_frozen_evidence,include_frozen_evidence,frozen v4.3 generated evidence used for reproduction comparison
data/curated/v4_3/generated_runs/test_15_matched_ai_talking_sample/20260422_aiw_v3_1_test_15_matched_ai_talking_sample_main_v1/table_main.md,tracked,info,include_frozen_evidence,include_frozen_evidence,frozen v4.3 generated evidence used for reproduction comparison
data/curated/v4_3/generated_runs/test_15_matched_ai_talking_sample/20260422_aiw_v3_1_test_15_matched_ai_talking_sample_main_v1/table_main.tex,tracked,info,include_frozen_evidence,include_frozen_evidence,frozen v4.3 generated evidence used for reproduction comparison
data/curated/v4_3/generated_runs/test_15_matched_ai_talking_sample/20260422_aiw_v3_1_test_15_matched_ai_talking_sample_main_v1/writer_packet.md,tracked,info,include_frozen_evidence,include_frozen_evidence,frozen v4.3 generated evidence used for reproduction comparison
data/curated/v4_3/generated_runs/test_16_construct_variant_screen/20260422_aiw_v3_1_test_16_construct_variant_screen_main_v1/dataset_summary.json,tracked,info,include_frozen_evidence,include_frozen_evidence,frozen v4.3 generated evidence used for reproduction comparison
data/curated/v4_3/generated_runs/test_16_construct_variant_screen/20260422_aiw_v3_1_test_16_construct_variant_screen_main_v1/figure_main.pdf,tracked,info,include_frozen_evidence,include_frozen_evidence,frozen v4.3 generated evidence used for reproduction comparison
data/curated/v4_3/generated_runs/test_16_construct_variant_screen/20260422_aiw_v3_1_test_16_construct_variant_screen_main_v1/figure_main.png,tracked,info,include_frozen_evidence,include_frozen_evidence,frozen v4.3 generated evidence used for reproduction comparison
data/curated/v4_3/generated_runs/test_16_construct_variant_screen/20260422_aiw_v3_1_test_16_construct_variant_screen_main_v1/figure_series.csv,tracked,info,include_frozen_evidence,include_frozen_evidence,frozen v4.3 generated evidence used for reproduction comparison
data/curated/v4_3/generated_runs/test_16_construct_variant_screen/20260422_aiw_v3_1_test_16_construct_variant_screen_main_v1/result_notes.md,tracked,info,include_frozen_evidence,include_frozen_evidence,frozen v4.3 generated evidence used for reproduction comparison
data/curated/v4_3/generated_runs/test_16_construct_variant_screen/20260422_aiw_v3_1_test_16_construct_variant_screen_main_v1/run_manifest.json,tracked,info,include_frozen_evidence,include_frozen_evidence,frozen v4.3 generated evidence used for reproduction comparison
data/curated/v4_3/generated_runs/test_16_construct_variant_screen/20260422_aiw_v3_1_test_16_construct_variant_screen_main_v1/table_main.csv,tracked,info,include_frozen_evidence,include_frozen_evidence,frozen v4.3 generated evidence used for reproduction comparison
data/curated/v4_3/generated_runs/test_16_construct_variant_screen/20260422_aiw_v3_1_test_16_construct_variant_screen_main_v1/table_main.docx,tracked,info,include_frozen_evidence,include_frozen_evidence,frozen v4.3 generated evidence used for reproduction comparison
data/curated/v4_3/generated_runs/test_16_construct_variant_screen/20260422_aiw_v3_1_test_16_construct_variant_screen_main_v1/table_main.md,tracked,info,include_frozen_evidence,include_frozen_evidence,frozen v4.3 generated evidence used for reproduction comparison
data/curated/v4_3/generated_runs/test_16_construct_variant_screen/20260422_aiw_v3_1_test_16_construct_variant_screen_main_v1/table_main.tex,tracked,info,include_frozen_evidence,include_frozen_evidence,frozen v4.3 generated evidence used for reproduction comparison
data/curated/v4_3/generated_runs/test_16_construct_variant_screen/20260422_aiw_v3_1_test_16_construct_variant_screen_main_v1/writer_packet.md,tracked,info,include_frozen_evidence,include_frozen_evidence,frozen v4.3 generated evidence used for reproduction comparison
data/curated/v4_3/generated_runs/test_17_real_outcome_dynamics/20260422_aiw_v3_1_test_17_real_outcome_dynamics_main_v1/dataset_summary.json,tracked,info,include_frozen_evidence,include_frozen_evidence,frozen v4.3 generated evidence used for reproduction comparison
data/curated/v4_3/generated_runs/test_17_real_outcome_dynamics/20260422_aiw_v3_1_test_17_real_outcome_dynamics_main_v1/figure_main.pdf,tracked,info,include_frozen_evidence,include_frozen_evidence,frozen v4.3 generated evidence used for reproduction comparison
data/curated/v4_3/generated_runs/test_17_real_outcome_dynamics/20260422_aiw_v3_1_test_17_real_outcome_dynamics_main_v1/figure_main.png,tracked,info,include_frozen_evidence,include_frozen_evidence,frozen v4.3 generated evidence used for reproduction comparison
data/curated/v4_3/generated_runs/test_17_real_outcome_dynamics/20260422_aiw_v3_1_test_17_real_outcome_dynamics_main_v1/figure_series.csv,tracked,info,include_frozen_evidence,include_frozen_evidence,frozen v4.3 generated evidence used for reproduction comparison
data/curated/v4_3/generated_runs/test_17_real_outcome_dynamics/20260422_aiw_v3_1_test_17_real_outcome_dynamics_main_v1/result_notes.md,tracked,info,include_frozen_evidence,include_frozen_evidence,frozen v4.3 generated evidence used for reproduction comparison
data/curated/v4_3/generated_runs/test_17_real_outcome_dynamics/20260422_aiw_v3_1_test_17_real_outcome_dynamics_main_v1/run_manifest.json,tracked,info,include_frozen_evidence,include_frozen_evidence,frozen v4.3 generated evidence used for reproduction comparison
data/curated/v4_3/generated_runs/test_17_real_outcome_dynamics/20260422_aiw_v3_1_test_17_real_outcome_dynamics_main_v1/table_main.csv,tracked,info,include_frozen_evidence,include_frozen_evidence,frozen v4.3 generated evidence used for reproduction comparison
data/curated/v4_3/generated_runs/test_17_real_outcome_dynamics/20260422_aiw_v3_1_test_17_real_outcome_dynamics_main_v1/table_main.docx,tracked,info,include_frozen_evidence,include_frozen_evidence,frozen v4.3 generated evidence used for reproduction comparison
data/curated/v4_3/generated_runs/test_17_real_outcome_dynamics/20260422_aiw_v3_1_test_17_real_outcome_dynamics_main_v1/table_main.md,tracked,info,include_frozen_evidence,include_frozen_evidence,frozen v4.3 generated evidence used for reproduction comparison
data/curated/v4_3/generated_runs/test_17_real_outcome_dynamics/20260422_aiw_v3_1_test_17_real_outcome_dynamics_main_v1/table_main.tex,tracked,info,include_frozen_evidence,include_frozen_evidence,frozen v4.3 generated evidence used for reproduction comparison
data/curated/v4_3/generated_runs/test_17_real_outcome_dynamics/20260422_aiw_v3_1_test_17_real_outcome_dynamics_main_v1/writer_packet.md,tracked,info,include_frozen_evidence,include_frozen_evidence,frozen v4.3 generated evidence used for reproduction comparison
data/curated/v4_3/generated_runs/test_20_comment_letter_cleanup/20260423_aiw_v3_2_test_20_comment_letter_cleanup_main_v1/run_manifest.json,tracked,info,include_frozen_evidence,include_frozen_evidence,frozen v4.3 generated evidence used for reproduction comparison
data/curated/v4_3/generated_runs/test_20_comment_letter_cleanup/20260423_aiw_v3_2_test_20_comment_letter_cleanup_main_v1/test_20_comment_letter_cleanup_20260423_aiw_v3_2_test_20_comment_letter_cleanup_main_v1.csv,tracked,info,include_frozen_evidence,include_frozen_evidence,frozen v4.3 generated evidence used for reproduction comparison
data/curated/v4_3/generated_runs/test_20_comment_letter_cleanup/20260423_aiw_v3_2_test_20_comment_letter_cleanup_main_v1/test_20_comment_letter_cleanup_20260423_aiw_v3_2_test_20_comment_letter_cleanup_main_v1.docx,tracked,info,include_frozen_evidence,include_frozen_evidence,frozen v4.3 generated evidence used for reproduction comparison
data/curated/v4_3/generated_runs/test_20_comment_letter_cleanup/20260423_aiw_v3_2_test_20_comment_letter_cleanup_main_v1/test_20_comment_letter_cleanup_20260423_aiw_v3_2_test_20_comment_letter_cleanup_main_v1.md,tracked,info,include_frozen_evidence,include_frozen_evidence,frozen v4.3 generated evidence used for reproduction comparison
data/curated/v4_3/generated_runs/test_20_comment_letter_cleanup/20260423_aiw_v3_2_test_20_comment_letter_cleanup_main_v1/test_20_comment_letter_cleanup_20260423_aiw_v3_2_test_20_comment_letter_cleanup_main_v1.pdf,tracked,info,include_frozen_evidence,include_frozen_evidence,frozen v4.3 generated evidence used for reproduction comparison
data/curated/v4_3/generated_runs/test_20_comment_letter_cleanup/20260423_aiw_v3_2_test_20_comment_letter_cleanup_main_v1/test_20_comment_letter_cleanup_20260423_aiw_v3_2_test_20_comment_letter_cleanup_main_v1.png,tracked,info,include_frozen_evidence,include_frozen_evidence,frozen v4.3 generated evidence used for reproduction comparison
data/curated/v4_3/generated_runs/test_20_comment_letter_cleanup/20260423_aiw_v3_2_test_20_comment_letter_cleanup_main_v1/test_20_comment_letter_cleanup_20260423_aiw_v3_2_test_20_comment_letter_cleanup_main_v1.tex,tracked,info,include_frozen_evidence,include_frozen_evidence,frozen v4.3 generated evidence used for reproduction comparison
data/curated/v4_3/generated_runs/test_20_comment_letter_cleanup/20260423_aiw_v3_2_test_20_comment_letter_cleanup_main_v1/test_20_comment_letter_cleanup_20260423_aiw_v3_2_test_20_comment_letter_cleanup_main_v1_event_means.csv,tracked,info,include_frozen_evidence,include_frozen_evidence,frozen v4.3 generated evidence used for reproduction comparison
data/curated/v4_3/generated_runs/test_20_comment_letter_cleanup/20260423_aiw_v3_2_test_20_comment_letter_cleanup_main_v1/test_20_comment_letter_cleanup_20260423_aiw_v3_2_test_20_comment_letter_cleanup_main_v1_result_notes.md,tracked,info,include_frozen_evidence,include_frozen_evidence,frozen v4.3 generated evidence used for reproduction comparison
data/curated/v4_3/generated_runs/test_20_comment_letter_cleanup/20260423_aiw_v3_2_test_20_comment_letter_cleanup_main_v1/test_20_comment_letter_cleanup_20260423_aiw_v3_2_test_20_comment_letter_cleanup_main_v1_writer_packet.md,tracked,info,include_frozen_evidence,include_frozen_evidence,frozen v4.3 generated evidence used for reproduction comparison
data/curated/v4_3/generated_runs/test_25_exec_incentive_mismatch/20260423_aiw_v3_2_test_25_exec_incentive_mismatch_main_v1/run_manifest.json,tracked,info,include_frozen_evidence,include_frozen_evidence,frozen v4.3 generated evidence used for reproduction comparison
data/curated/v4_3/generated_runs/test_25_exec_incentive_mismatch/20260423_aiw_v3_2_test_25_exec_incentive_mismatch_main_v1/test_25_exec_incentive_mismatch_20260423_aiw_v3_2_test_25_exec_incentive_mismatch_main_v1.csv,tracked,info,include_frozen_evidence,include_frozen_evidence,frozen v4.3 generated evidence used for reproduction comparison
data/curated/v4_3/generated_runs/test_25_exec_incentive_mismatch/20260423_aiw_v3_2_test_25_exec_incentive_mismatch_main_v1/test_25_exec_incentive_mismatch_20260423_aiw_v3_2_test_25_exec_incentive_mismatch_main_v1.docx,tracked,info,include_frozen_evidence,include_frozen_evidence,frozen v4.3 generated evidence used for reproduction comparison
data/curated/v4_3/generated_runs/test_25_exec_incentive_mismatch/20260423_aiw_v3_2_test_25_exec_incentive_mismatch_main_v1/test_25_exec_incentive_mismatch_20260423_aiw_v3_2_test_25_exec_incentive_mismatch_main_v1.md,tracked,info,include_frozen_evidence,include_frozen_evidence,frozen v4.3 generated evidence used for reproduction comparison
data/curated/v4_3/generated_runs/test_25_exec_incentive_mismatch/20260423_aiw_v3_2_test_25_exec_incentive_mismatch_main_v1/test_25_exec_incentive_mismatch_20260423_aiw_v3_2_test_25_exec_incentive_mismatch_main_v1.pdf,tracked,info,include_frozen_evidence,include_frozen_evidence,frozen v4.3 generated evidence used for reproduction comparison
data/curated/v4_3/generated_runs/test_25_exec_incentive_mismatch/20260423_aiw_v3_2_test_25_exec_incentive_mismatch_main_v1/test_25_exec_incentive_mismatch_20260423_aiw_v3_2_test_25_exec_incentive_mismatch_main_v1.png,tracked,info,include_frozen_evidence,include_frozen_evidence,frozen v4.3 generated evidence used for reproduction comparison
data/curated/v4_3/generated_runs/test_25_exec_incentive_mismatch/20260423_aiw_v3_2_test_25_exec_incentive_mismatch_main_v1/test_25_exec_incentive_mismatch_20260423_aiw_v3_2_test_25_exec_incentive_mismatch_main_v1.tex,tracked,info,include_frozen_evidence,include_frozen_evidence,frozen v4.3 generated evidence used for reproduction comparison
data/curated/v4_3/generated_runs/test_25_exec_incentive_mismatch/20260423_aiw_v3_2_test_25_exec_incentive_mismatch_main_v1/test_25_exec_incentive_mismatch_20260423_aiw_v3_2_test_25_exec_incentive_mismatch_main_v1_result_notes.md,tracked,info,include_frozen_evidence,include_frozen_evidence,frozen v4.3 generated evidence used for reproduction comparison
data/curated/v4_3/generated_runs/test_25_exec_incentive_mismatch/20260423_aiw_v3_2_test_25_exec_incentive_mismatch_main_v1/test_25_exec_incentive_mismatch_20260423_aiw_v3_2_test_25_exec_incentive_mismatch_main_v1_writer_packet.md,tracked,info,include_frozen_evidence,include_frozen_evidence,frozen v4.3 generated evidence used for reproduction comparison
data/curated/v4_3/generated_runs/test_29_sec_ai_washing_enforcement_did/20260423_aiw_v3_2_test_29_sec_ai_washing_enforcement_did_main_v1/run_manifest.json,tracked,info,include_frozen_evidence,include_frozen_evidence,frozen v4.3 generated evidence used for reproduction comparison
data/curated/v4_3/generated_runs/test_29_sec_ai_washing_enforcement_did/20260423_aiw_v3_2_test_29_sec_ai_washing_enforcement_did_main_v1/test_29_sec_ai_washing_enforcement_did_20260423_aiw_v3_2_test_29_sec_ai_washing_enforcement_did_main_v1.csv,tracked,info,include_frozen_evidence,include_frozen_evidence,frozen v4.3 generated evidence used for reproduction comparison
data/curated/v4_3/generated_runs/test_29_sec_ai_washing_enforcement_did/20260423_aiw_v3_2_test_29_sec_ai_washing_enforcement_did_main_v1/test_29_sec_ai_washing_enforcement_did_20260423_aiw_v3_2_test_29_sec_ai_washing_enforcement_did_main_v1.docx,tracked,info,include_frozen_evidence,include_frozen_evidence,frozen v4.3 generated evidence used for reproduction comparison
data/curated/v4_3/generated_runs/test_29_sec_ai_washing_enforcement_did/20260423_aiw_v3_2_test_29_sec_ai_washing_enforcement_did_main_v1/test_29_sec_ai_washing_enforcement_did_20260423_aiw_v3_2_test_29_sec_ai_washing_enforcement_did_main_v1.pdf,tracked,info,include_frozen_evidence,include_frozen_evidence,frozen v4.3 generated evidence used for reproduction comparison
data/curated/v4_3/generated_runs/test_29_sec_ai_washing_enforcement_did/20260423_aiw_v3_2_test_29_sec_ai_washing_enforcement_did_main_v1/test_29_sec_ai_washing_enforcement_did_20260423_aiw_v3_2_test_29_sec_ai_washing_enforcement_did_main_v1.png,tracked,info,include_frozen_evidence,include_frozen_evidence,frozen v4.3 generated evidence used for reproduction comparison
data/curated/v4_3/generated_runs/test_29_sec_ai_washing_enforcement_did/20260423_aiw_v3_2_test_29_sec_ai_washing_enforcement_did_main_v1/test_29_sec_ai_washing_enforcement_did_20260423_aiw_v3_2_test_29_sec_ai_washing_enforcement_did_main_v1.tex,tracked,info,include_frozen_evidence,include_frozen_evidence,frozen v4.3 generated evidence used for reproduction comparison
data/curated/v4_3/generated_runs/test_29_sec_ai_washing_enforcement_did/20260423_aiw_v3_2_test_29_sec_ai_washing_enforcement_did_main_v1/test_29_sec_ai_washing_enforcement_did_20260423_aiw_v3_2_test_29_sec_ai_washing_enforcement_did_main_v1_event_series.csv,tracked,info,include_frozen_evidence,include_frozen_evidence,frozen v4.3 generated evidence used for reproduction comparison
data/curated/v4_3/generated_runs/test_29_sec_ai_washing_enforcement_did/20260423_aiw_v3_2_test_29_sec_ai_washing_enforcement_did_main_v1/test_29_sec_ai_washing_enforcement_did_20260423_aiw_v3_2_test_29_sec_ai_washing_enforcement_did_main_v1_result_notes.md,tracked,info,include_frozen_evidence,include_frozen_evidence,frozen v4.3 generated evidence used for reproduction comparison
data/curated/v4_3/generated_runs/test_29_sec_ai_washing_enforcement_did/20260423_aiw_v3_2_test_29_sec_ai_washing_enforcement_did_main_v1/test_29_sec_ai_washing_enforcement_did_20260423_aiw_v3_2_test_29_sec_ai_washing_enforcement_did_main_v1_writer_packet.md,tracked,info,include_frozen_evidence,include_frozen_evidence,frozen v4.3 generated evidence used for reproduction comparison
data/curated/v4_3/generated_runs/test_30_capital_raising_timing/20260423_aiw_v3_2_test_30_capital_raising_timing_main_v1/run_manifest.json,tracked,info,include_frozen_evidence,include_frozen_evidence,frozen v4.3 generated evidence used for reproduction comparison
data/curated/v4_3/generated_runs/test_30_capital_raising_timing/20260423_aiw_v3_2_test_30_capital_raising_timing_main_v1/test_30_capital_raising_timing_20260423_aiw_v3_2_test_30_capital_raising_timing_main_v1.csv,tracked,info,include_frozen_evidence,include_frozen_evidence,frozen v4.3 generated evidence used for reproduction comparison
data/curated/v4_3/generated_runs/test_30_capital_raising_timing/20260423_aiw_v3_2_test_30_capital_raising_timing_main_v1/test_30_capital_raising_timing_20260423_aiw_v3_2_test_30_capital_raising_timing_main_v1.docx,tracked,info,include_frozen_evidence,include_frozen_evidence,frozen v4.3 generated evidence used for reproduction comparison
data/curated/v4_3/generated_runs/test_30_capital_raising_timing/20260423_aiw_v3_2_test_30_capital_raising_timing_main_v1/test_30_capital_raising_timing_20260423_aiw_v3_2_test_30_capital_raising_timing_main_v1.pdf,tracked,info,include_frozen_evidence,include_frozen_evidence,frozen v4.3 generated evidence used for reproduction comparison
data/curated/v4_3/generated_runs/test_30_capital_raising_timing/20260423_aiw_v3_2_test_30_capital_raising_timing_main_v1/test_30_capital_raising_timing_20260423_aiw_v3_2_test_30_capital_raising_timing_main_v1.png,tracked,info,include_frozen_evidence,include_frozen_evidence,frozen v4.3 generated evidence used for reproduction comparison
data/curated/v4_3/generated_runs/test_30_capital_raising_timing/20260423_aiw_v3_2_test_30_capital_raising_timing_main_v1/test_30_capital_raising_timing_20260423_aiw_v3_2_test_30_capital_raising_timing_main_v1.tex,tracked,info,include_frozen_evidence,include_frozen_evidence,frozen v4.3 generated evidence used for reproduction comparison
data/curated/v4_3/generated_runs/test_30_capital_raising_timing/20260423_aiw_v3_2_test_30_capital_raising_timing_main_v1/test_30_capital_raising_timing_20260423_aiw_v3_2_test_30_capital_raising_timing_main_v1_figure_series.csv,tracked,info,include_frozen_evidence,include_frozen_evidence,frozen v4.3 generated evidence used for reproduction comparison
data/curated/v4_3/generated_runs/test_30_capital_raising_timing/20260423_aiw_v3_2_test_30_capital_raising_timing_main_v1/test_30_capital_raising_timing_20260423_aiw_v3_2_test_30_capital_raising_timing_main_v1_result_notes.md,tracked,info,include_frozen_evidence,include_frozen_evidence,frozen v4.3 generated evidence used for reproduction comparison
data/curated/v4_3/generated_runs/test_30_capital_raising_timing/20260423_aiw_v3_2_test_30_capital_raising_timing_main_v1/test_30_capital_raising_timing_20260423_aiw_v3_2_test_30_capital_raising_timing_main_v1_writer_packet.md,tracked,info,include_frozen_evidence,include_frozen_evidence,frozen v4.3 generated evidence used for reproduction comparison
data/curated/v4_3/generated_runs/test_32_market_reaction_in_issue_windows/20260423_aiw_v3_2_test_32_market_reaction_in_issue_windows_main_v1/run_manifest.json,tracked,info,include_frozen_evidence,include_frozen_evidence,frozen v4.3 generated evidence used for reproduction comparison
data/curated/v4_3/generated_runs/test_32_market_reaction_in_issue_windows/20260423_aiw_v3_2_test_32_market_reaction_in_issue_windows_main_v1/test_32_market_reaction_in_issue_windows_20260423_aiw_v3_2_test_32_market_reaction_in_issue_windows_main_v1.csv,tracked,info,include_frozen_evidence,include_frozen_evidence,frozen v4.3 generated evidence used for reproduction comparison
data/curated/v4_3/generated_runs/test_32_market_reaction_in_issue_windows/20260423_aiw_v3_2_test_32_market_reaction_in_issue_windows_main_v1/test_32_market_reaction_in_issue_windows_20260423_aiw_v3_2_test_32_market_reaction_in_issue_windows_main_v1.docx,tracked,info,include_frozen_evidence,include_frozen_evidence,frozen v4.3 generated evidence used for reproduction comparison
data/curated/v4_3/generated_runs/test_32_market_reaction_in_issue_windows/20260423_aiw_v3_2_test_32_market_reaction_in_issue_windows_main_v1/test_32_market_reaction_in_issue_windows_20260423_aiw_v3_2_test_32_market_reaction_in_issue_windows_main_v1.pdf,tracked,info,include_frozen_evidence,include_frozen_evidence,frozen v4.3 generated evidence used for reproduction comparison
data/curated/v4_3/generated_runs/test_32_market_reaction_in_issue_windows/20260423_aiw_v3_2_test_32_market_reaction_in_issue_windows_main_v1/test_32_market_reaction_in_issue_windows_20260423_aiw_v3_2_test_32_market_reaction_in_issue_windows_main_v1.png,tracked,info,include_frozen_evidence,include_frozen_evidence,frozen v4.3 generated evidence used for reproduction comparison
data/curated/v4_3/generated_runs/test_32_market_reaction_in_issue_windows/20260423_aiw_v3_2_test_32_market_reaction_in_issue_windows_main_v1/test_32_market_reaction_in_issue_windows_20260423_aiw_v3_2_test_32_market_reaction_in_issue_windows_main_v1.tex,tracked,info,include_frozen_evidence,include_frozen_evidence,frozen v4.3 generated evidence used for reproduction comparison
data/curated/v4_3/generated_runs/test_32_market_reaction_in_issue_windows/20260423_aiw_v3_2_test_32_market_reaction_in_issue_windows_main_v1/test_32_market_reaction_in_issue_windows_20260423_aiw_v3_2_test_32_market_reaction_in_issue_windows_main_v1_result_notes.md,tracked,info,include_frozen_evidence,include_frozen_evidence,frozen v4.3 generated evidence used for reproduction comparison
data/curated/v4_3/generated_runs/test_32_market_reaction_in_issue_windows/20260423_aiw_v3_2_test_32_market_reaction_in_issue_windows_main_v1/test_32_market_reaction_in_issue_windows_20260423_aiw_v3_2_test_32_market_reaction_in_issue_windows_main_v1_writer_packet.md,tracked,info,include_frozen_evidence,include_frozen_evidence,frozen v4.3 generated evidence used for reproduction comparison
data/fixtures/sample_filings.csv,tracked,ok,include,include,tracked project file
data/fixtures/sample_labels.csv,tracked,ok,include,include,tracked project file
data/fixtures/sample_market_patent_panel.csv,tracked,ok,include,include,tracked project file
docker-compose.yml,tracked,ok,include,include,tracked project file
docs/artifact_coverage_policy.md,tracked,ok,include,include,tracked project file
docs/c7_format_delta_cells.csv,tracked,ok,include,include,tracked project file
docs/c7_format_delta_explanation.md,tracked,ok,include,include,tracked project file
docs/coauthor_data_room.md,tracked,info,include,optional_exclude,"useful for review, but journal replication archives may request code/data only"
docs/coauthor_quickstart.md,tracked,info,include,optional_exclude,"useful for review, but journal replication archives may request code/data only"
docs/coauthor_runbook.md,tracked,info,include,optional_exclude,"useful for review, but journal replication archives may request code/data only"
docs/collaboration_workflow.md,tracked,ok,include,include,tracked project file
docs/construct_playbooks/README.md,tracked,ok,include,include,tracked project file
docs/construct_playbooks/ai_disclosure_and_classifier_constructs.md,tracked,ok,include,include,tracked project file
docs/construct_playbooks/capital_raising_proxy.md,tracked,ok,include,include,tracked project file
docs/construct_playbooks/crsp_compustat_linkage_and_market_return_tests.md,tracked,ok,include,include,tracked project file
docs/construct_playbooks/execucomp_incentives.md,tracked,ok,include,include,tracked project file
docs/construct_playbooks/patent_matching_and_company_identity.md,tracked,ok,include,include,tracked project file
docs/construct_playbooks/patent_mismatch_construct.md,tracked,ok,include,include,tracked project file
docs/construct_playbooks/sec_scrutiny_enforcement_timing.md,tracked,ok,include,include,tracked project file
docs/data_management.md,tracked,ok,include,include,tracked project file
docs/docker_quickstart.md,tracked,ok,include,include,tracked project file
docs/empirical_workstation.md,tracked,ok,include,include,tracked project file
docs/extension_notes_future_data.md,tracked,info,include,optional_exclude,"useful for review, but journal replication archives may request code/data only"
docs/extension_playbook.md,tracked,info,include,optional_exclude,"useful for review, but journal replication archives may request code/data only"
docs/extensions/README.md,tracked,ok,include,include,tracked project file
docs/extensions/builder_hides_first_pass.md,tracked,info,include,optional_exclude,"useful for review, but journal replication archives may request code/data only"
docs/extensions/washing_pays_data_requirements.md,tracked,info,include,optional_exclude,"useful for review, but journal replication archives may request code/data only"
docs/figure_reproduction_status.csv,tracked,ok,include,include,tracked project file
docs/figure_reproduction_status.md,tracked,ok,include,include,tracked project file
docs/final_validation_report.md,tracked,ok,include,include,tracked project file
docs/full_reproduction_status.csv,tracked,ok,include,include,tracked project file
docs/full_reproduction_status.md,tracked,ok,include,include,tracked project file
docs/index.md,tracked,ok,include,include,tracked project file
docs/journal_replication_archive_policy.md,tracked,ok,include,include,tracked project file
docs/known_limitations.md,tracked,ok,include,include,tracked project file
docs/match_status_report.md,tracked,ok,include,include,tracked project file
docs/panel_and_data_catalog.md,tracked,ok,include,include,tracked project file
docs/paper_table_workbench.md,tracked,ok,include,include,tracked project file
docs/patent_fuzzy_sensitivity_note.md,tracked,ok,include,include,tracked project file
docs/patent_matching_validation.md,tracked,ok,include,include,tracked project file
docs/patent_mismatch_method_note.md,tracked,ok,include,include,tracked project file
docs/patent_source_inventory.md,tracked,ok,include,include,tracked project file
docs/private_data_contract.md,tracked,ok,include,include,tracked project file
docs/private_data_staging_map.md,tracked,ok,include,include,tracked project file
docs/releases/v4_3_defense_freeze.md,tracked,ok,include,include,tracked project file
docs/replication_audit_report.md,tracked,ok,include,include,tracked project file
docs/replication_audit_runbook.md,tracked,ok,include,include,tracked project file
docs/sec_extraction_classification_audit.md,tracked,ok,include,include,tracked project file
docs/sec_raw_source_policy.md,tracked,ok,include,include,tracked project file
docs/selected_reproduction_comparison.csv,tracked,ok,include,include,tracked project file
docs/selected_reproduction_status.md,tracked,ok,include,include,tracked project file
docs/share_readiness_report.md,tracked,ok,include,include,tracked project file
docs/t25_execucomp_policy.md,tracked,ok,include,include,tracked project file
docs/workspace_routing.md,tracked,ok,include,include,tracked project file
docs/wrds_crsp_compustat_method_note.md,tracked,ok,include,include,tracked project file
docs/wrds_source_inventory.md,tracked,ok,include,include,tracked project file
manifests/artifact_manifest.csv,tracked,ok,include,include,tracked project file
manifests/artifact_provenance_audit.csv,tracked,ok,include,include,tracked project file
manifests/coauthor_data_room_manifest.csv,tracked,ok,include,include,tracked project file
manifests/data_dependency_manifest.csv,tracked,ok,include,include,tracked project file
manifests/data_product_catalog.csv,tracked,ok,include,include,tracked project file
manifests/paper_table_workbench.csv,tracked,ok,include,include,tracked project file
manifests/patent_data_manifest.csv,tracked,ok,include,include,tracked project file
manifests/sec_source_manifest.csv,tracked,ok,include,include,tracked project file
manifests/source_closure_manifest.csv,tracked,ok,include,include,tracked project file
manifests/table_to_script_crosswalk.csv,tracked,ok,include,include,tracked project file
manifests/v4_3_manuscript_asset_inventory.csv,tracked,ok,include,include,tracked project file
manifests/wrds_data_manifest.csv,tracked,ok,include,include,tracked project file
outputs/fixture/.gitkeep,tracked,ok,include_placeholder,include_placeholder,allowed tracked placeholder under outputs
outputs/reproduced/README.md,tracked,ok,include_placeholder,include_placeholder,allowed tracked placeholder under outputs
paper/ai_washing_v4.3.pdf,tracked,info,include,optional_exclude,"useful for review, but journal replication archives may request code/data only"
paper/v4_3_logs/final_validation.md,tracked,ok,include,include,tracked project file
paper/v4_3_logs/issue_log.csv,tracked,ok,include,include,tracked project file
paper/v4_3_logs/output_manifest.json,tracked,ok,include,include,tracked project file
paper/v4_3_logs/rubric3_high_risk_crosswalk.md,tracked,ok,include,include,tracked project file
paper/v4_3_logs/thomas_status_memo.md,tracked,ok,include,include,tracked project file
paper/v4_3_source/appendix/appendixA.tex,tracked,ok,include,include,tracked project file
paper/v4_3_source/appendix/appendixB.tex,tracked,ok,include,include,tracked project file
paper/v4_3_source/appendix/appendixC.tex,tracked,ok,include,include,tracked project file
paper/v4_3_source/figures/figure1_main.pdf,tracked,ok,include,include,tracked project file
paper/v4_3_source/figures/figureC1.pdf,tracked,ok,include,include,tracked project file
paper/v4_3_source/main.pdf,tracked,ok,include,include,tracked project file
paper/v4_3_source/main.tex,tracked,ok,include,include,tracked project file
paper/v4_3_source/sections/abstract.tex,tracked,ok,include,include,tracked project file
paper/v4_3_source/sections/conclusion.tex,tracked,ok,include,include,tracked project file
paper/v4_3_source/sections/introduction.tex,tracked,ok,include,include,tracked project file
paper/v4_3_source/sections/literature.tex,tracked,ok,include,include,tracked project file
paper/v4_3_source/sections/methods.tex,tracked,ok,include,include,tracked project file
paper/v4_3_source/sections/references_manual.tex,tracked,ok,include,include,tracked project file
paper/v4_3_source/sections/results.tex,tracked,ok,include,include,tracked project file
paper/v4_3_source/table_inputs/appendix/appendix_A1_measurement_audit.tex,tracked,ok,include,include,tracked project file
paper/v4_3_source/table_inputs/appendix/appendix_A2_attrition_map.tex,tracked,ok,include,include,tracked project file
paper/v4_3_source/table_inputs/appendix/appendix_A3_highconf_composition.tex,tracked,ok,include,include,tracked project file
paper/v4_3_source/table_inputs/appendix/appendix_A4_highconf_mismatch.tex,tracked,ok,include,include,tracked project file
paper/v4_3_source/table_inputs/appendix/appendix_A5_variable_definitions.tex,tracked,ok,include,include,tracked project file
paper/v4_3_source/table_inputs/appendix/appendix_B1_ai_focus_timing.tex,tracked,ok,include,include,tracked project file
paper/v4_3_source/table_inputs/appendix/appendix_B2_actionable_timing.tex,tracked,ok,include,include,tracked project file
paper/v4_3_source/table_inputs/appendix/appendix_B3_speculative_timing.tex,tracked,ok,include,include,tracked project file
paper/v4_3_source/table_inputs/appendix/appendix_B4_as_mismatch_tplus2.tex,tracked,ok,include,include,tracked project file
paper/v4_3_source/table_inputs/appendix/appendix_C1_det_reduced.tex,tracked,ok,include,include,tracked project file
paper/v4_3_source/table_inputs/appendix/appendix_C2_det_full.tex,tracked,ok,include,include,tracked project file
paper/v4_3_source/table_inputs/appendix/appendix_C3_det_intensity.tex,tracked,ok,include,include,tracked project file
paper/v4_3_source/table_inputs/appendix/appendix_C4_size_heterogeneity.tex,tracked,ok,include,include,tracked project file
paper/v4_3_source/table_inputs/appendix/appendix_C5_issue_window_market.tex,tracked,ok,include,include,tracked project file
paper/v4_3_source/table_inputs/appendix/appendix_C6_predictive_return_controls.tex,tracked,ok,include,include,tracked project file
paper/v4_3_source/table_inputs/appendix/appendix_C7_matched_ai_talking.tex,tracked,ok,include,include,tracked project file
paper/v4_3_source/table_inputs/test_00_summary_stats.tex,tracked,ok,include,include,tracked project file
paper/v4_3_source/table_inputs/test_09_factor_adjusted_alpha.tex,tracked,ok,include,include,tracked project file
paper/v4_3_source/table_inputs/test_16_construct_variant_screen.tex,tracked,ok,include,include,tracked project file
paper/v4_3_source/table_inputs/test_17_real_outcome_dynamics.tex,tracked,ok,include,include,tracked project file
paper/v4_3_source/table_inputs/test_20_comment_letter_cleanup.tex,tracked,ok,include,include,tracked project file
paper/v4_3_source/table_inputs/test_25_exec_incentive_mismatch.tex,tracked,ok,include,include,tracked project file
paper/v4_3_source/table_inputs/test_29_sec_ai_washing_enforcement_did.tex,tracked,ok,include,include,tracked project file
paper/v4_3_source/table_inputs/test_30_capital_raising_timing.tex,tracked,ok,include,include,tracked project file
pyproject.toml,tracked,ok,include,include,tracked project file
reports/replication_audit/data_sanity_audit.csv,tracked,ok,include,include,tracked project file
reports/replication_audit/data_sanity_summary.md,tracked,ok,include,include,tracked project file
reports/replication_audit/journal_reproducibility_audit.csv,tracked,ok,include,include,tracked project file
reports/replication_audit/journal_reproducibility_audit.md,tracked,ok,include,include,tracked project file
reports/replication_audit/package_surface_audit.csv,tracked,ok,include,include,tracked project file
reports/replication_audit/package_surface_audit.md,tracked,ok,include,include,tracked project file
reports/replication_audit/patent_construct_audit.csv,tracked,ok,include,include,tracked project file
reports/replication_audit/patent_construct_red_flags.csv,tracked,ok,include,include,tracked project file
reports/replication_audit/patent_construct_summary.md,tracked,ok,include,include,tracked project file
reports/replication_audit/textual_construct_audit.csv,tracked,ok,include,include,tracked project file
reports/replication_audit/textual_construct_red_flags.csv,tracked,ok,include,include,tracked project file
reports/replication_audit/textual_construct_summary.md,tracked,ok,include,include,tracked project file
reports/share_readiness.csv,tracked,ok,include,include,tracked project file
requirements-lock.txt,tracked,ok,include,include,tracked project file
scripts/audit_artifact_coverage.py,tracked,ok,include,include,tracked project file
scripts/build_patent_audit_examples.py,tracked,ok,include,include,tracked project file
scripts/check_private_data.py,tracked,ok,include,include,tracked project file
scripts/compare_selected_reproduction.py,tracked,ok,include,include,tracked project file
scripts/compare_tables.py,tracked,ok,include,include,tracked project file
scripts/data_sanity_audit.py,tracked,ok,include,include,tracked project file
scripts/doctor.py,tracked,ok,include,include,tracked project file
scripts/explain_c7_format_delta.py,tracked,ok,include,include,tracked project file
scripts/git_hygiene_check.py,tracked,ok,include,include,tracked project file
scripts/import_smoke.py,tracked,ok,include,include,tracked project file
scripts/journal_reproducibility_audit.py,tracked,ok,include,include,tracked project file
scripts/package_surface_audit.py,tracked,ok,include,include,tracked project file
scripts/patent_construct_audit.py,tracked,ok,include,include,tracked project file
scripts/path_leak_scan.py,tracked,ok,include,include,tracked project file
scripts/replication_audit.py,tracked,ok,include,include,tracked project file
scripts/reproduce_assets.py,tracked,ok,include,include,tracked project file
scripts/run_publication_table.py,tracked,ok,include,include,tracked project file
scripts/share_readiness.py,tracked,ok,include,include,tracked project file
scripts/textual_construct_audit.py,tracked,ok,include,include,tracked project file
scripts/validate_capsule.py,tracked,ok,include,include,tracked project file
scripts/validate_data_room.py,tracked,ok,include,include,tracked project file
scripts/validate_patent_data.py,tracked,ok,include,include,tracked project file
scripts/validate_sec_source_policy.py,tracked,ok,include,include,tracked project file
scripts/validate_wrds_data.py,tracked,ok,include,include,tracked project file
scripts/workbench.py,tracked,ok,include,include,tracked project file
src/semantic_ai_washing/__init__.py,tracked,ok,include,include,tracked project file
src/semantic_ai_washing/analysis/__init__.py,tracked,ok,include,include,tracked project file
src/semantic_ai_washing/analysis/build_delivery_figures.py,tracked,ok,include,include,tracked project file
src/semantic_ai_washing/analysis/build_delivery_table_docs.py,tracked,ok,include,include,tracked project file
src/semantic_ai_washing/analysis/delivery_table_payloads.py,tracked,ok,include,include,tracked project file
src/semantic_ai_washing/analysis/extensions/__init__.py,tracked,ok,include,include,tracked project file
src/semantic_ai_washing/analysis/extensions/builder_hides_right_tail.py,tracked,ok,include,include,tracked project file
src/semantic_ai_washing/analysis/generate_delivery_table_artifacts.py,tracked,ok,include,include,tracked project file
src/semantic_ai_washing/analysis/ken_french_factors.py,tracked,ok,include,include,tracked project file
src/semantic_ai_washing/analysis/publication_runs/__init__.py,tracked,ok,include,include,tracked project file
src/semantic_ai_washing/analysis/publication_runs/appendix_variable_definitions.py,tracked,ok,include,include,tracked project file
src/semantic_ai_washing/analysis/publication_runs/legacy_a1_mismatch_determinants_full.py,tracked,ok,include,include,tracked project file
src/semantic_ai_washing/analysis/publication_runs/legacy_a2_mismatch_intensity.py,tracked,ok,include,include,tracked project file
src/semantic_ai_washing/analysis/publication_runs/legacy_b1_measurement_audit.py,tracked,ok,include,include,tracked project file
src/semantic_ai_washing/analysis/publication_runs/legacy_b2_attrition_map.py,tracked,ok,include,include,tracked project file
src/semantic_ai_washing/analysis/publication_runs/legacy_classifier_risk_highconf.py,tracked,ok,include,include,tracked project file
src/semantic_ai_washing/analysis/publication_runs/legacy_r1_disclosure_volume.py,tracked,ok,include,include,tracked project file
src/semantic_ai_washing/analysis/publication_runs/legacy_r1_summary_stats.py,tracked,ok,include,include,tracked project file
src/semantic_ai_washing/analysis/publication_runs/legacy_r2_ai_focus_timing.py,tracked,ok,include,include,tracked project file
src/semantic_ai_washing/analysis/publication_runs/legacy_r4_actionable_patent_timing.py,tracked,ok,include,include,tracked project file
src/semantic_ai_washing/analysis/publication_runs/legacy_r5_speculative_patent_timing.py,tracked,ok,include,include,tracked project file
src/semantic_ai_washing/analysis/publication_runs/legacy_r7_as_mismatch_tplus2.py,tracked,ok,include,include,tracked project file
src/semantic_ai_washing/analysis/publication_runs/legacy_r8_mismatch_determinants_reduced.py,tracked,ok,include,include,tracked project file
src/semantic_ai_washing/analysis/publication_runs/legacy_timing_table_utils.py,tracked,ok,include,include,tracked project file
src/semantic_ai_washing/analysis/publication_runs/test_03_post_filing_drift.py,tracked,ok,include,include,tracked project file
src/semantic_ai_washing/analysis/publication_runs/test_03_post_filing_portfolio_alpha.py,tracked,ok,include,include,tracked project file
src/semantic_ai_washing/analysis/publication_runs/test_05_size_heterogeneity.py,tracked,ok,include,include,tracked project file
src/semantic_ai_washing/analysis/publication_runs/test_09_factor_adjusted_alpha.py,tracked,ok,include,include,tracked project file
src/semantic_ai_washing/analysis/publication_runs/test_12_predictive_return_controls.py,tracked,ok,include,include,tracked project file
src/semantic_ai_washing/analysis/publication_runs/test_13_pre_post_event_path.py,tracked,ok,include,include,tracked project file
src/semantic_ai_washing/analysis/publication_runs/test_15_matched_ai_talking_sample.py,tracked,ok,include,include,tracked project file
src/semantic_ai_washing/analysis/publication_runs/test_16_construct_variant_screen.py,tracked,ok,include,include,tracked project file
src/semantic_ai_washing/analysis/publication_runs/test_17_real_outcome_dynamics.py,tracked,ok,include,include,tracked project file
src/semantic_ai_washing/analysis/publication_runs/test_20_comment_letter_cleanup.py,tracked,ok,include,include,tracked project file
src/semantic_ai_washing/analysis/publication_runs/test_25_exec_incentive_mismatch.py,tracked,ok,include,include,tracked project file
src/semantic_ai_washing/analysis/publication_runs/test_29_sec_ai_washing_enforcement_did.py,tracked,ok,include,include,tracked project file
src/semantic_ai_washing/analysis/publication_runs/test_30_capital_raising_timing.py,tracked,ok,include,include,tracked project file
src/semantic_ai_washing/analysis/publication_runs/test_32_market_reaction_in_issue_windows.py,tracked,ok,include,include,tracked project file
src/semantic_ai_washing/analysis/run_regressions.py,tracked,ok,include,include,tracked project file
src/semantic_ai_washing/patents/__init__.py,tracked,ok,include,include,tracked project file
src/semantic_ai_washing/patents/benchmark_keyword_sets.py,tracked,ok,include,include,tracked project file
src/semantic_ai_washing/patents/benchmark_keyword_sets_lightweight.py,tracked,ok,include,include,tracked project file
src/semantic_ai_washing/patents/build_company_lookup.py,tracked,ok,include,include,tracked project file
src/semantic_ai_washing/patents/extract_filtered_patents_lightweight.py,tracked,ok,include,include,tracked project file
src/semantic_ai_washing/patents/extract_filtered_pregrant_applications_lightweight.py,tracked,ok,include,include,tracked project file
src/semantic_ai_washing/patents/keyword_matching.py,tracked,ok,include,include,tracked project file
src/semantic_ai_washing/patents/patentsview_sources.py,tracked,ok,include,include,tracked project file
src/semantic_ai_washing/patents/paths.py,tracked,ok,include,include,tracked project file
src/semantic_ai_washing/patents/pregrant_sources.py,tracked,ok,include,include,tracked project file
src/semantic_ai_washing/patents/run_patent_fuzzy_sensitivity_sample.py,tracked,ok,include,include,tracked project file
src/semantic_ai_washing_min/__init__.py,tracked,ok,include,include,tracked project file
src/semantic_ai_washing_min/fixture_pipeline.py,tracked,ok,include,include,tracked project file
tests/test_builder_hides_right_tail.py,tracked,ok,include,include,tracked project file
tests/test_ken_french_factors.py,tracked,ok,include,include,tracked project file
tests/test_patent_audit_examples.py,tracked,ok,include,include,tracked project file
tests/test_patent_fuzzy_sensitivity_sample.py,tracked,ok,include,include,tracked project file
tests/test_patent_keyword_matching.py,tracked,ok,include,include,tracked project file
tests/test_patent_lookup_builder.py,tracked,ok,include,include,tracked project file
tests/test_patentsview_sources.py,tracked,ok,include,include,tracked project file
tests/test_pregrant_extractor.py,tracked,ok,include,include,tracked project file
tests/test_pregrant_sources.py,tracked,ok,include,include,tracked project file
tests/test_replication_audit_helpers.py,tracked,ok,include,include,tracked project file
tests/test_size_heterogeneity.py,tracked,ok,include,include,tracked project file
tests/test_validate_sec_source_policy.py,tracked,ok,include,include,tracked project file
tests/test_validate_wrds_data.py,tracked,ok,include,include,tracked project file
.gitignore, M,material_needs_review,exclude,exclude,modified/staged worktree entry; should be intentional before sharing
Makefile, M,material_needs_review,exclude,exclude,modified/staged worktree entry; should be intentional before sharing
README.md, M,material_needs_review,exclude,exclude,modified/staged worktree entry; should be intentional before sharing
README_START_HERE.md, M,material_needs_review,exclude,exclude,modified/staged worktree entry; should be intentional before sharing
docs/coauthor_runbook.md, M,material_needs_review,exclude,exclude,modified/staged worktree entry; should be intentional before sharing
docs/empirical_workstation.md, M,material_needs_review,exclude,exclude,modified/staged worktree entry; should be intentional before sharing
docs/extension_playbook.md, M,material_needs_review,exclude,exclude,modified/staged worktree entry; should be intentional before sharing
docs/extensions/README.md, M,material_needs_review,exclude,exclude,modified/staged worktree entry; should be intentional before sharing
docs/extensions/builder_hides_first_pass.md, M,material_needs_review,exclude,exclude,modified/staged worktree entry; should be intentional before sharing
docs/extensions/washing_pays_data_requirements.md, M,material_needs_review,exclude,exclude,modified/staged worktree entry; should be intentional before sharing
docs/index.md, M,material_needs_review,exclude,exclude,modified/staged worktree entry; should be intentional before sharing
docs/paper_table_workbench.md, M,material_needs_review,exclude,exclude,modified/staged worktree entry; should be intentional before sharing
reports/replication_audit/package_surface_audit.csv, M,info,include_generated_audit_evidence,optional_include_generated_audit_evidence,generated replication audit evidence; review before deciding whether to commit or archive
reports/replication_audit/package_surface_audit.md, M,info,include_generated_audit_evidence,optional_include_generated_audit_evidence,generated replication audit evidence; review before deciding whether to commit or archive
scripts/workbench.py, M,material_needs_review,exclude,exclude,modified/staged worktree entry; should be intentional before sharing
docs/extensions/washing_pays_proxy_first_pass.md,??,material_needs_review,exclude,exclude,untracked file would be missed by Git archive; review before zipping a raw folder
manifests/extension_workbench.csv,??,material_needs_review,exclude,exclude,untracked file would be missed by Git archive; review before zipping a raw folder
templates/,??,material_needs_review,exclude,exclude,untracked file would be missed by Git archive; review before zipping a raw folder
.DS_Store,!!,info,exclude,exclude,ignored local/generated artifact; excluded from Git archive
.pytest_cache/,!!,info,exclude,exclude,ignored local/generated artifact; excluded from Git archive
.venv/,!!,info,exclude,exclude,ignored local/generated artifact; excluded from Git archive
data/.DS_Store,!!,info,exclude,exclude,ignored local/generated artifact; excluded from Git archive
data/curated/.DS_Store,!!,info,exclude,exclude,ignored local/generated artifact; excluded from Git archive
data/curated/v4_3/.DS_Store,!!,info,exclude,exclude,ignored local/generated artifact; excluded from Git archive
data/curated/v4_3/generated_exports/.DS_Store,!!,info,exclude,exclude,ignored local/generated artifact; excluded from Git archive
data/curated/v4_3/generated_exports/paper/.DS_Store,!!,info,exclude,exclude,ignored local/generated artifact; excluded from Git archive
data/curated/v4_3/generated_exports/paper/generated/.DS_Store,!!,info,exclude,exclude,ignored local/generated artifact; excluded from Git archive
data/interim/,!!,info,exclude,exclude,ignored local/generated artifact; excluded from Git archive
data/processed/,!!,info,exclude,exclude,ignored local/generated artifact; excluded from Git archive
outputs/extensions/,!!,info,exclude,exclude,ignored local/generated artifact; excluded from Git archive
outputs/fixture/fixture_patent_mismatch_table.csv,!!,info,exclude,exclude,ignored local/generated artifact; excluded from Git archive
outputs/fixture/fixture_summary.md,!!,info,exclude,exclude,ignored local/generated artifact; excluded from Git archive
outputs/paper_exports/,!!,info,exclude,exclude,ignored local/generated artifact; excluded from Git archive
outputs/reproduced/20260411_hybrid_api_a_conf49_main_v1/,!!,info,exclude,exclude,ignored local/generated artifact; excluded from Git archive
outputs/reproduced/20260412_hybrid_api_a_conf49_main_v1/,!!,info,exclude,exclude,ignored local/generated artifact; excluded from Git archive
outputs/reproduced/20260412_hybrid_api_a_conf49_main_v2/,!!,info,exclude,exclude,ignored local/generated artifact; excluded from Git archive
outputs/reproduced/20260422_aiw_v3_1_test_09_factor_adjusted_alpha_main_v1/,!!,info,exclude,exclude,ignored local/generated artifact; excluded from Git archive
outputs/reproduced/20260422_aiw_v3_1_test_12_predictive_return_controls_main_v1/,!!,info,exclude,exclude,ignored local/generated artifact; excluded from Git archive
outputs/reproduced/20260422_aiw_v3_1_test_13_pre_post_event_path_main_v1/,!!,info,exclude,exclude,ignored local/generated artifact; excluded from Git archive
outputs/reproduced/20260422_aiw_v3_1_test_15_matched_ai_talking_sample_main_v1/,!!,info,exclude,exclude,ignored local/generated artifact; excluded from Git archive
outputs/reproduced/20260422_aiw_v3_1_test_16_construct_variant_screen_main_v1/,!!,info,exclude,exclude,ignored local/generated artifact; excluded from Git archive
outputs/reproduced/20260422_aiw_v3_1_test_17_real_outcome_dynamics_main_v1/,!!,info,exclude,exclude,ignored local/generated artifact; excluded from Git archive
outputs/reproduced/20260423_aiw_v3_2_test_20_comment_letter_cleanup_main_v1/,!!,info,exclude,exclude,ignored local/generated artifact; excluded from Git archive
outputs/reproduced/20260423_aiw_v3_2_test_25_exec_incentive_mismatch_main_v1/,!!,info,exclude,exclude,ignored local/generated artifact; excluded from Git archive
outputs/reproduced/20260423_aiw_v3_2_test_29_sec_ai_washing_enforcement_did_main_v1/,!!,info,exclude,exclude,ignored local/generated artifact; excluded from Git archive
outputs/reproduced/20260423_aiw_v3_2_test_30_capital_raising_timing_main_v1/,!!,info,exclude,exclude,ignored local/generated artifact; excluded from Git archive
outputs/reproduced/20260423_aiw_v3_2_test_32_market_reaction_in_issue_windows_main_v1/,!!,info,exclude,exclude,ignored local/generated artifact; excluded from Git archive
outputs/workbench/,!!,info,exclude,exclude,ignored local/generated artifact; excluded from Git archive
paper/.DS_Store,!!,info,exclude,exclude,ignored local/generated artifact; excluded from Git archive
paper/v4_3_source/.DS_Store,!!,info,exclude,exclude,ignored local/generated artifact; excluded from Git archive
reports/.DS_Store,!!,info,exclude,exclude,ignored local/generated artifact; excluded from Git archive
scripts/__pycache__/,!!,info,exclude,exclude,ignored local/generated artifact; excluded from Git archive
src/.DS_Store,!!,info,exclude,exclude,ignored local/generated artifact; excluded from Git archive
src/ai_washing.egg-info/,!!,info,exclude,exclude,ignored local/generated artifact; excluded from Git archive
src/semantic_ai_washing/.DS_Store,!!,info,exclude,exclude,ignored local/generated artifact; excluded from Git archive
src/semantic_ai_washing/__pycache__/,!!,info,exclude,exclude,ignored local/generated artifact; excluded from Git archive
src/semantic_ai_washing/analysis/.DS_Store,!!,info,exclude,exclude,ignored local/generated artifact; excluded from Git archive
src/semantic_ai_washing/analysis/__pycache__/,!!,info,exclude,exclude,ignored local/generated artifact; excluded from Git archive
src/semantic_ai_washing/analysis/extensions/__pycache__/,!!,info,exclude,exclude,ignored local/generated artifact; excluded from Git archive
src/semantic_ai_washing/analysis/publication_runs/__pycache__/,!!,info,exclude,exclude,ignored local/generated artifact; excluded from Git archive
src/semantic_ai_washing/patents/__pycache__/,!!,info,exclude,exclude,ignored local/generated artifact; excluded from Git archive
src/semantic_ai_washing_min/__pycache__/,!!,info,exclude,exclude,ignored local/generated artifact; excluded from Git archive
tests/__pycache__/,!!,info,exclude,exclude,ignored local/generated artifact; excluded from Git archive
